"PointID","x","y","Density","Momentum_x","Momentum_y","Energy","Nu_Tilde","Pressure","Temperature","Mach","Pressure_Coefficient","Velocity_x","Velocity_y","Laminar_Viscosity","Skin_Friction_Coefficient_x","Skin_Friction_Coefficient_y","Heat_Flux","Y_Plus","Eddy_Viscosity"
25, 9.853970408439640e-01, 2.175751213154330e-03, 4.296339059460436e-01, 0.000000000000000e+00, 0.000000000000000e+00, 9.848440820997329e+04, 0.000000000000000e+00, 3.939376328398930e+04, 3.194179134773796e+02, 0.000000000000000e+00, 3.899237287294040e-02, 0.000000000000000e+00, 0.000000000000000e+00, 1.936385644795894e-05, 2.608454278189413e-03, -6.233515490431994e-04, -5.515891314241600e+02, 2.535750397946344e+00, 0.000000000000000e+00
51, 9.695732593536380e-01, 7.441185878595478e-03, 4.749849042033318e-01, 0.000000000000000e+00, 0.000000000000000e+00, 1.090798740933907e+05, 0.000000000000000e+00, 4.363194963735629e+04, 3.200038160785166e+02, 0.000000000000000e+00, 3.078816791854970e-01, 0.000000000000000e+00, 0.000000000000000e+00, 1.939072673604967e-05, 1.777660059503940e-03, -5.517350550538280e-04, -2.526681851009674e+02, 2.286627497535220e+00, 0.000000000000000e+00
77, 9.526804089546200e-01, 1.233006198823027e-02, 4.908735337350604e-01, 0.000000000000000e+00, 0.000000000000000e+00, 1.127907453175798e+05, 0.000000000000000e+00, 4.511629812703190e+04, 3.201799895290380e+02, 0.000000000000000e+00, 4.020553191430429e-01, 0.000000000000000e+00, 0.000000000000000e+00, 1.939880152128236e-05, 1.269714551674493e-03, -2.726909725203002e-04, -7.743264720571440e+01, 1.873319855351946e+00, 0.000000000000000e+00
103, 9.349957108497620e-01, 1.486725287645334e-02, 4.894680677733156e-01, 0.000000000000000e+00, 0.000000000000000e+00, 1.124517641707350e+05, 0.000000000000000e+00, 4.498070566829399e+04, 3.201343275991686e+02, 0.000000000000000e+00, 3.934527332415790e-01, 0.000000000000000e+00, 0.000000000000000e+00, 1.939670885054779e-05, 1.104206198554077e-03, -1.152397344400595e-04, -2.177736180618839e+01, 1.697915532792664e+00, 0.000000000000000e+00
129, 9.168222546577450e-01, 1.607237405285520e-02, 4.852016610799869e-01, 0.000000000000000e+00, 0.000000000000000e+00, 1.114435386314440e+05, 0.000000000000000e+00, 4.457741545257758e+04, 3.200537729853397e+02, 0.000000000000000e+00, 3.678662164381175e-01, 0.000000000000000e+00, 0.000000000000000e+00, 1.939301669921955e-05, 1.158111738839535e-03, -6.947426343742569e-05, -2.519043054434962e+01, 1.722621566729183e+00, 0.000000000000000e+00
155, 8.983380794525150e-01, 1.706631696955744e-02, 4.824327465527748e-01, 0.000000000000000e+00, 0.000000000000000e+00, 1.107846678181937e+05, 0.000000000000000e+00, 4.431386712727749e+04, 3.199876502629123e+02, 0.000000000000000e+00, 3.511455438529019e-01, 0.000000000000000e+00, 0.000000000000000e+00, 1.938998567700202e-05, 1.282194599897132e-03, -6.859404519601804e-05, -4.474572202713910e+01, 1.805803420186964e+00, 0.000000000000000e+00
181, 8.797067403793331e-01, 1.805795663454061e-02, 4.807264742882200e-01, 0.000000000000000e+00, 0.000000000000000e+00, 1.103760337827375e+05, 0.000000000000000e+00, 4.415041351309499e+04, 3.199389247103275e+02, 0.000000000000000e+00, 3.407753228981545e-01, 0.000000000000000e+00, 0.000000000000000e+00, 1.938775193098833e-05, 1.367797098388620e-03, -6.993368196031318e-05, -5.668982171234519e+01, 1.859199747603178e+00, 0.000000000000000e+00
207, 8.610174655914310e-01, 1.897447128820562e-02, 4.799629787202481e-01, 0.000000000000000e+00, 0.000000000000000e+00, 1.101874243396858e+05, 0.000000000000000e+00, 4.407496973587431e+04, 3.199002858135642e+02, 0.000000000000000e+00, 3.359888356531206e-01, 0.000000000000000e+00, 0.000000000000000e+00, 1.938598047192942e-05, 1.405421002066748e-03, -6.482567790672177e-05, -5.860212073706663e+01, 1.880468798619152e+00, 0.000000000000000e+00
233, 8.422674536705020e-01, 1.978486062820160e-02, 4.794673044933161e-01, 0.000000000000000e+00, 0.000000000000000e+00, 1.100637918235928e+05, 0.000000000000000e+00, 4.402551672943712e+04, 3.198716936973872e+02, 0.000000000000000e+00, 3.328513179775697e-01, 0.000000000000000e+00, 0.000000000000000e+00, 1.938466955456444e-05, 1.415191556389099e-03, -5.516658493213762e-05, -5.632183270853703e+01, 1.883322424650858e+00, 0.000000000000000e+00
259, 8.235722184181210e-01, 2.043415100376445e-02, 4.787368265732476e-01, 0.000000000000000e+00, 0.000000000000000e+00, 1.098882138950260e+05, 0.000000000000000e+00, 4.395528555801039e+04, 3.198487181060140e+02, 0.000000000000000e+00, 3.283955415222823e-01, 0.000000000000000e+00, 0.000000000000000e+00, 1.938361610666300e-05, 1.419394674621690e-03, -4.413893301169347e-05, -5.445120474412964e+01, 1.881782857035830e+00, 0.000000000000000e+00
285, 8.049457669258120e-01, 2.094545356303584e-02, 4.784358150302840e-01, 0.000000000000000e+00, 0.000000000000000e+00, 1.098118233420960e+05, 0.000000000000000e+00, 4.392472933683840e+04, 3.198274655129800e+02, 0.000000000000000e+00, 3.264569195671761e-01, 0.000000000000000e+00, 0.000000000000000e+00, 1.938264162612771e-05, 1.423303809303881e-03, -3.613280248503471e-05, -5.300556017018449e+01, 1.881366815480209e+00, 0.000000000000000e+00
311, 7.863141298294070e-01, 2.138000609608262e-02, 4.781647936382027e-01, 0.000000000000000e+00, 0.000000000000000e+00, 1.097428682040568e+05, 0.000000000000000e+00, 4.389714728162272e+04, 3.198077961034672e+02, 0.000000000000000e+00, 3.247069918680963e-01, 0.000000000000000e+00, 0.000000000000000e+00, 1.938173970962685e-05, 1.420299420368599e-03, -2.722409277470211e-05, -5.056660568657257e+01, 1.877337955079125e+00, 0.000000000000000e+00
337, 7.678796052932740e-01, 2.165593235970002e-02, 4.776498785542457e-01, 0.000000000000000e+00, 0.000000000000000e+00, 1.096164835905428e+05, 0.000000000000000e+00, 4.384659343621712e+04, 3.197838531382902e+02, 0.000000000000000e+00, 3.214996320945590e-01, 0.000000000000000e+00, 0.000000000000000e+00, 1.938064179741057e-05, 1.421553038503242e-03, -1.726079790048610e-05, -4.797134164232948e+01, 1.874302928803710e+00, 0.000000000000000e+00
363, 7.495508193969730e-01, 2.182639399322026e-02, 4.771875277741673e-01, 0.000000000000000e+00, 0.000000000000000e+00, 1.095010051725598e+05, 0.000000000000000e+00, 4.380040206902390e+04, 3.197564829817604e+02, 0.000000000000000e+00, 3.185690472531571e-01, 0.000000000000000e+00, 0.000000000000000e+00, 1.937938668035880e-05, 1.428768213862847e-03, -8.929617499410883e-06, -4.582472688096139e+01, 1.876456977426771e+00, 0.000000000000000e+00
389, 7.313483357429500e-01, 2.188424809397179e-02, 4.767290587916340e-01, 0.000000000000000e+00, 0.000000000000000e+00, 1.093852975641935e+05, 0.000000000000000e+00, 4.375411902567741e+04, 3.197257864127803e+02, 0.000000000000000e+00, 3.156326460707067e-01, 0.000000000000000e+00, 0.000000000000000e+00, 1.937797896022005e-05, 1.448792346948126e-03, -1.026350646207244e-06, -4.471480236398504e+01, 1.887575806326799e+00, 0.000000000000000e+00
415, 7.132214307785030e-01, 2.185213038778600e-02, 4.763864043631168e-01, 0.000000000000000e+00, 0.000000000000000e+00, 1.092953029971259e+05, 0.000000000000000e+00, 4.371812119885036e+04, 3.196925210454713e+02, 0.000000000000000e+00, 3.133487845607961e-01, 0.000000000000000e+00, 0.000000000000000e+00, 1.937645336143357e-05, 1.503395134343116e-03, 6.983559475827228e-06, -4.929232619181432e+01, 1.920365044503605e+00, 0.000000000000000e+00
441, 6.951977014541630e-01, 2.171632144656055e-02, 4.757830921337090e-01, 0.000000000000000e+00, 0.000000000000000e+00, 1.091454504294761e+05, 0.000000000000000e+00, 4.365818017179044e+04, 3.196590243814705e+02, 0.000000000000000e+00, 3.095458604225026e-01, 0.000000000000000e+00, 0.000000000000000e+00, 1.937491707556342e-05, 1.624003763593581e-03, 1.756802849558153e-05, -6.976753565422075e+01, 1.994173648558228e+00, 0.000000000000000e+00
467, 6.773055195808410e-01, 2.146360188464442e-02, 4.753159968113937e-01, 0.000000000000000e+00, 0.000000000000000e+00, 1.090289891480502e+05, 0.000000000000000e+00, 4.361159565922005e+04, 3.196317344436401e+02, 0.000000000000000e+00, 3.065903326977700e-01, 0.000000000000000e+00, 0.000000000000000e+00, 1.937366539507055e-05, 1.795227416109736e-03, 2.987638801358846e-05, -1.087714418790969e+02, 2.094525760263861e+00, 0.000000000000000e+00
493, 6.594728827476500e-01, 2.112178476791301e-02, 4.747017608596488e-01, 0.000000000000000e+00, 0.000000000000000e+00, 1.088785859620971e+05, 0.000000000000000e+00, 4.355143438483882e+04, 3.196038232167102e+02, 0.000000000000000e+00, 3.027734350942947e-01, 0.000000000000000e+00, 0.000000000000000e+00, 1.937238516375804e-05, 1.866923177773897e-03, 4.281107589225248e-05, -1.217701000637314e+02, 2.133829610039712e+00, 0.000000000000000e+00
519, 6.418011188507080e-01, 2.064943791032434e-02, 4.727467184234684e-01, 0.000000000000000e+00, 0.000000000000000e+00, 1.084163403104941e+05, 0.000000000000000e+00, 4.336653612419762e+04, 3.195630495779268e+02, 0.000000000000000e+00, 2.910426708246410e-01, 0.000000000000000e+00, 0.000000000000000e+00, 1.937051486016361e-05, 1.911876296235734e-03, 5.873728992548952e-05, -1.262767654304568e+02, 2.155217554192637e+00, 0.000000000000000e+00
545, 6.243042349815370e-01, 2.004132204959135e-02, 4.713052904639518e-01, 0.000000000000000e+00, 0.000000000000000e+00, 1.080747227673757e+05, 0.000000000000000e+00, 4.322988910695028e+04, 3.195303771322780e+02, 0.000000000000000e+00, 2.823731790624093e-01, 0.000000000000000e+00, 0.000000000000000e+00, 1.936901607630934e-05, 1.946070636196642e-03, 6.512726186556901e-05, -1.316512766229277e+02, 2.171903482952167e+00, 0.000000000000000e+00
571, 6.065399646759030e-01, 1.946938700214514e-02, 4.710406121094757e-01, 0.000000000000000e+00, 0.000000000000000e+00, 1.080043889344799e+05, 0.000000000000000e+00, 4.320175557379196e+04, 3.195018580046515e+02, 0.000000000000000e+00, 2.805882631610470e-01, 0.000000000000000e+00, 0.000000000000000e+00, 1.936770775564988e-05, 1.963845882429106e-03, 6.806711646047765e-05, -1.316546895167718e+02, 2.182860917248477e+00, 0.000000000000000e+00
597, 5.888153314590450e-01, 1.881127271082541e-02, 4.697948262341577e-01, 0.000000000000000e+00, 0.000000000000000e+00, 1.077067567664439e+05, 0.000000000000000e+00, 4.308270270657754e+04, 3.194663028304732e+02, 0.000000000000000e+00, 2.730350221728647e-01, 0.000000000000000e+00, 0.000000000000000e+00, 1.936607657392917e-05, 1.977583867234841e-03, 8.261909062594547e-05, -1.285865216080091e+02, 2.187612952220999e+00, 0.000000000000000e+00
623, 5.713157057762150e-01, 1.799779518422934e-02, 4.679546953510135e-01, 0.000000000000000e+00, 0.000000000000000e+00, 1.072699419028529e+05, 0.000000000000000e+00, 4.290797676114115e+04, 3.194218147940913e+02, 0.000000000000000e+00, 2.619496346164936e-01, 0.000000000000000e+00, 0.000000000000000e+00, 1.936403544835405e-05, 2.007253565757292e-03, 9.717182143274388e-05, -1.305957016018373e+02, 2.201213303857471e+00, 0.000000000000000e+00
649, 5.538190603256230e-01, 1.711709143377994e-02, 4.659961080279293e-01, 0.000000000000000e+00, 0.000000000000000e+00, 1.068054725670951e+05, 0.000000000000000e+00, 4.272218902683804e+04, 3.193754673917988e+02, 0.000000000000000e+00, 2.501624381996922e-01, 0.000000000000000e+00, 0.000000000000000e+00, 1.936190886469076e-05, 2.048299888464156e-03, 1.070878169524905e-04, -1.369946861368995e+02, 2.220465419774302e+00, 0.000000000000000e+00
675, 5.363336801528930e-01, 1.616888879328746e-02, 4.637773114168200e-01, 0.000000000000000e+00, 0.000000000000000e+00, 1.062800198612549e+05, 0.000000000000000e+00, 4.251200794450195e+04, 3.193246647934220e+02, 0.000000000000000e+00, 2.368276197850945e-01, 0.000000000000000e+00, 0.000000000000000e+00, 1.935957768516754e-05, 2.098180031368387e-03, 1.163217318490156e-04, -1.453941041817222e+02, 2.243601915008344e+00, 0.000000000000000e+00
701, 5.188096761703490e-01, 1.517619402029485e-02, 4.615193587876419e-01, 0.000000000000000e+00, 0.000000000000000e+00, 1.057452564944873e+05, 0.000000000000000e+00, 4.229810259779491e+04, 3.192723501086285e+02, 0.000000000000000e+00, 2.232565175500761e-01, 0.000000000000000e+00, 0.000000000000000e+00, 1.935717692852479e-05, 2.151206815419014e-03, 1.236271587499172e-04, -1.552116520280397e+02, 2.268905937860516e+00, 0.000000000000000e+00
727, 5.012295246124270e-01, 1.415149698387295e-02, 4.592130149555007e-01, 0.000000000000000e+00, 0.000000000000000e+00, 1.051990811035580e+05, 0.000000000000000e+00, 4.207963244142320e+04, 3.192185309953558e+02, 0.000000000000000e+00, 2.093958035797912e-01, 0.000000000000000e+00, 0.000000000000000e+00, 1.935470692930144e-05, 2.208368050703821e-03, 1.296300389570499e-04, -1.661523480344844e+02, 2.294526551148631e+00, 0.000000000000000e+00
753, 4.835794866085050e-01, 1.310820048818838e-02, 4.567696458673571e-01, 0.000000000000000e+00, 0.000000000000000e+00, 1.046208295953134e+05, 0.000000000000000e+00, 4.184833183812534e+04, 3.191620606952287e+02, 0.000000000000000e+00, 1.947210692512669e-01, 0.000000000000000e+00, 0.000000000000000e+00, 1.935211503353967e-05, 2.270661677825907e-03, 1.346402638539251e-04, -1.788768908953092e+02, 2.322733449533799e+00, 0.000000000000000e+00
779, 4.658685922622680e-01, 1.205474901466218e-02, 4.542113036484535e-01, 0.000000000000000e+00, 0.000000000000000e+00, 1.040162193786721e+05, 0.000000000000000e+00, 4.160648775146885e+04, 3.191048928344392e+02, 0.000000000000000e+00, 1.793774096584800e-01, 0.000000000000000e+00, 0.000000000000000e+00, 1.934949088951752e-05, 2.340018008172772e-03, 1.377328003272154e-04, -1.943769707479857e+02, 2.353065896599049e+00, 0.000000000000000e+00
805, 4.480717480182650e-01, 1.101822500413672e-02, 4.518805675572458e-01, 0.000000000000000e+00, 0.000000000000000e+00, 1.034644982694669e+05, 0.000000000000000e+00, 4.138579930778674e+04, 3.190494697286619e+02, 0.000000000000000e+00, 1.653759577200256e-01, 0.000000000000000e+00, 0.000000000000000e+00, 1.934694661172828e-05, 2.411452031867200e-03, 1.370598228446747e-04, -2.115066593511542e+02, 2.385189732905294e+00, 0.000000000000000e+00
831, 4.301885962486270e-01, 1.002680325082222e-02, 4.497608177480896e-01, 0.000000000000000e+00, 0.000000000000000e+00, 1.029630005596531e+05, 0.000000000000000e+00, 4.118520022386122e+04, 3.189994314961311e+02, 0.000000000000000e+00, 1.526490637077282e-01, 0.000000000000000e+00, 0.000000000000000e+00, 1.934464934632272e-05, 2.482045286972977e-03, 1.340104010313908e-04, -2.291921783218989e+02, 2.415480633304745e+00, 0.000000000000000e+00
857, 4.122794568538670e-01, 9.085730332122503e-03, 4.477212020024046e-01, 0.000000000000000e+00, 0.000000000000000e+00, 1.024832272385916e+05, 0.000000000000000e+00, 4.099329089543662e+04, 3.189594462342406e+02, 0.000000000000000e+00, 1.404734862572455e-01, 0.000000000000000e+00, 0.000000000000000e+00, 1.934281348657124e-05, 2.547052643188481e-03, 1.291509360865875e-04, -2.476768736672040e+02, 2.442675436268730e+00, 0.000000000000000e+00
883, 3.944020271301270e-01, 8.212208286190535e-03, 4.462768265729272e-01, 0.000000000000000e+00, 0.000000000000000e+00, 1.021418268687178e+05, 0.000000000000000e+00, 4.085673074748710e+04, 3.189257765395179e+02, 0.000000000000000e+00, 1.318095058678707e-01, 0.000000000000000e+00, 0.000000000000000e+00, 1.934126750766576e-05, 2.610693184009949e-03, 1.199836844112518e-04, -2.660472959489908e+02, 2.469368287135127e+00, 0.000000000000000e+00
909, 3.766198158264160e-01, 7.446864784281894e-03, 4.455336705687555e-01, 0.000000000000000e+00, 0.000000000000000e+00, 1.019637061065046e+05, 0.000000000000000e+00, 4.078548244260182e+04, 3.189006602145948e+02, 0.000000000000000e+00, 1.272891979627384e-01, 0.000000000000000e+00, 0.000000000000000e+00, 1.934011421296584e-05, 2.663950583692367e-03, 1.088670073805963e-04, -2.804206550207315e+02, 2.492459699281851e+00, 0.000000000000000e+00
935, 3.590588271617890e-01, 6.767846504346281e-03, 4.455209239503611e-01, 0.000000000000000e+00, 0.000000000000000e+00, 1.019556172900162e+05, 0.000000000000000e+00, 4.078224691600646e+04, 3.188844849272153e+02, 0.000000000000000e+00, 1.270839218306281e-01, 0.000000000000000e+00, 0.000000000000000e+00, 1.933937145019088e-05, 2.703325064625640e-03, 9.797423359460116e-05, -2.890509514397341e+02, 2.510994513081835e+00, 0.000000000000000e+00
961, 3.418258726596830e-01, 6.185858492400068e-03, 4.458577368639923e-01, 0.000000000000000e+00, 0.000000000000000e+00, 1.020315386202638e+05, 0.000000000000000e+00, 4.081261544810553e+04, 3.188808692191407e+02, 0.000000000000000e+00, 1.290106359599778e-01, 0.000000000000000e+00, 0.000000000000000e+00, 1.933920541576051e-05, 2.725597572506668e-03, 8.979364158410445e-05, -2.925103176997380e+02, 2.521871930770820e+00, 0.000000000000000e+00
987, 3.249974250793460e-01, 5.645708239587655e-03, 4.463224533476323e-01, 0.000000000000000e+00, 0.000000000000000e+00, 1.021404422918899e+05, 0.000000000000000e+00, 4.085617691675595e+04, 3.188888505719088e+02, 0.000000000000000e+00, 1.317743683942687e-01, 0.000000000000000e+00, 0.000000000000000e+00, 1.933957192070001e-05, 2.734353269168219e-03, 8.437107524646002e-05, -2.933168152770401e+02, 2.526100640791977e+00, 0.000000000000000e+00
1013, 3.086399734020230e-01, 5.161875953289020e-03, 4.471667256038569e-01, 0.000000000000000e+00, 0.000000000000000e+00, 1.023374405588225e+05, 0.000000000000000e+00, 4.093497622352900e+04, 3.189006527916421e+02, 0.000000000000000e+00, 1.367737452903042e-01, 0.000000000000000e+00, 0.000000000000000e+00, 1.934011387211108e-05, 2.736584807980585e-03, 7.975320533680394e-05, -2.920513393370916e+02, 2.528299964271067e+00, 0.000000000000000e+00
1039, 2.927811741828920e-01, 4.706819276441322e-03, 4.479358613680592e-01, 0.000000000000000e+00, 0.000000000000000e+00, 1.025186170777342e+05, 0.000000000000000e+00, 4.100744683109366e+04, 3.189166861377731e+02, 0.000000000000000e+00, 1.413716014890129e-01, 0.000000000000000e+00, 0.000000000000000e+00, 1.934085009859987e-05, 2.730106603910210e-03, 7.919716148934985e-05, -2.888425130899594e+02, 2.526621292601362e+00, 0.000000000000000e+00
1065, 2.774220108985900e-01, 4.256279807625045e-03, 4.483828242610278e-01, 0.000000000000000e+00, 0.000000000000000e+00, 1.026243584735925e+05, 0.000000000000000e+00, 4.104974338943699e+04, 3.189273936533122e+02, 0.000000000000000e+00, 1.440550824131847e-01, 0.000000000000000e+00, 0.000000000000000e+00, 1.934134176096794e-05, 2.729157037381696e-03, 8.175134237585726e-05, -2.874004169638977e+02, 2.526644856473474e+00, 0.000000000000000e+00
1091, 2.625653147697450e-01, 3.801709370990516e-03, 4.485776486439280e-01, 0.000000000000000e+00, 0.000000000000000e+00, 1.026711495653083e+05, 0.000000000000000e+00, 4.106845982612333e+04, 3.189342287151432e+02, 0.000000000000000e+00, 1.452425360213144e-01, 0.000000000000000e+00, 0.000000000000000e+00, 1.934165560566055e-05, 2.735969722635339e-03, 8.460643433170174e-05, -2.890634517647840e+02, 2.529598442285682e+00, 0.000000000000000e+00
1117, 2.482267022132870e-01, 3.353451480746637e-03, 4.489425235829315e-01, 0.000000000000000e+00, 0.000000000000000e+00, 1.027574338554084e+05, 0.000000000000000e+00, 4.110297354216333e+04, 3.189428299168438e+02, 0.000000000000000e+00, 1.474322389721751e-01, 0.000000000000000e+00, 0.000000000000000e+00, 1.934205054124779e-05, 2.741657301990760e-03, 8.603237535104513e-05, -2.906342020813232e+02, 2.531231191503871e+00, 0.000000000000000e+00
1143, 2.344165146350860e-01, 2.918408552500876e-03, 4.493608651152440e-01, 0.000000000000000e+00, 0.000000000000000e+00, 1.028566446640045e+05, 0.000000000000000e+00, 4.114265786560179e+04, 3.189535516644330e+02, 0.000000000000000e+00, 1.499499881486295e-01, 0.000000000000000e+00, 0.000000000000000e+00, 1.934254283712870e-05, 2.738616087751684e-03, 8.883071838579120e-05, -2.897905229715648e+02, 2.530220064780739e+00, 0.000000000000000e+00
1169, 2.210974693298340e-01, 2.473478104021529e-03, 4.492814109169895e-01, 0.000000000000000e+00, 0.000000000000000e+00, 1.028383348429013e+05, 0.000000000000000e+00, 4.113533393716049e+04, 3.189531698110845e+02, 0.000000000000000e+00, 1.494853257025105e-01, 0.000000000000000e+00, 0.000000000000000e+00, 1.934252530422931e-05, 2.746200561381689e-03, 9.548679667492163e-05, -2.904828450955266e+02, 2.532071710018120e+00, 0.000000000000000e+00
1195, 2.082438766956330e-01, 2.008372558584430e-03, 4.489543123336195e-01, 0.000000000000000e+00, 0.000000000000000e+00, 1.027619166439148e+05, 0.000000000000000e+00, 4.110476665756592e+04, 3.189483685405323e+02, 0.000000000000000e+00, 1.475460021521157e-01, 0.000000000000000e+00, 0.000000000000000e+00, 1.934230485171119e-05, 2.762722025101665e-03, 1.011601551389794e-04, -2.947580902975391e+02, 2.537387180909747e+00, 0.000000000000000e+00
1221, 1.958884000778200e-01, 1.550419854486208e-03, 4.488687184634038e-01, 0.000000000000000e+00, 0.000000000000000e+00, 1.027408491451253e+05, 0.000000000000000e+00, 4.109633965805012e+04, 3.189437872238921e+02, 0.000000000000000e+00, 1.470113559933175e-01, 0.000000000000000e+00, 0.000000000000000e+00, 1.934209449694482e-05, 2.778045924683463e-03, 1.041351240005818e-04, -2.985347891911564e+02, 2.542286841629707e+00, 0.000000000000000e+00
1247, 1.840233504772190e-01, 1.100465501071957e-03, 4.485858652177633e-01, 0.000000000000000e+00, 0.000000000000000e+00, 1.026738398606775e+05, 0.000000000000000e+00, 4.106953594427097e+04, 3.189367438107782e+02, 0.000000000000000e+00, 1.453108097209835e-01, 0.000000000000000e+00, 0.000000000000000e+00, 1.934177109015898e-05, 2.791667644431675e-03, 1.095084273642264e-04, -3.011705274292625e+02, 2.546388303047874e+00, 0.000000000000000e+00
1273, 1.725961565971370e-01, 6.367376837443095e-04, 4.478327107581561e-01, 0.000000000000000e+00, 0.000000000000000e+00, 1.024956424210749e+05, 0.000000000000000e+00, 4.099825696842994e+04, 3.189186567240704e+02, 0.000000000000000e+00, 1.407885559146261e-01, 0.000000000000000e+00, 0.000000000000000e+00, 1.934094058361416e-05, 2.819240345295129e-03, 1.168139551850000e-04, -3.071954638163805e+02, 2.555566062701068e+00, 0.000000000000000e+00
1299, 1.616173982620240e-01, 1.720849526341689e-04, 4.470608879259184e-01, 0.000000000000000e+00, 0.000000000000000e+00, 1.023133338730192e+05, 0.000000000000000e+00, 4.092533354920768e+04, 3.189010114110690e+02, 0.000000000000000e+00, 1.361619713395909e-01, 0.000000000000000e+00, 0.000000000000000e+00, 1.934013033956161e-05, 2.852184024985281e-03, 1.206412460647476e-04, -3.164413349044310e+02, 2.565920686956027e+00, 0.000000000000000e+00
1325, 1.511152982711790e-01, -2.718563944366231e-04, 4.461491695790466e-01, 0.000000000000000e+00, 0.000000000000000e+00, 1.020992567135905e+05, 0.000000000000000e+00, 4.083970268543618e+04, 3.188840727010648e+02, 0.000000000000000e+00, 1.307291702216851e-01, 0.000000000000000e+00, 0.000000000000000e+00, 1.933935252068595e-05, 2.888502089029708e-03, 1.238524102847551e-04, -3.274239113247662e+02, 2.577086592822524e+00, 0.000000000000000e+00
1351, 1.410477757453920e-01, -7.098937507941591e-04, 4.455696416528385e-01, 0.000000000000000e+00, 0.000000000000000e+00, 1.019614443742832e+05, 0.000000000000000e+00, 4.078457774971327e+04, 3.188678419877316e+02, 0.000000000000000e+00, 1.272318002404714e-01, 0.000000000000000e+00, 0.000000000000000e+00, 1.933860719354529e-05, 2.923468958786055e-03, 1.246454461878731e-04, -3.371751614201277e+02, 2.587303757092152e+00, 0.000000000000000e+00
1377, 1.314679384231570e-01, -1.109544076158174e-03, 4.450925507497540e-01, 0.000000000000000e+00, 0.000000000000000e+00, 1.018482514587248e+05, 0.000000000000000e+00, 4.073930058348989e+04, 3.188552618199745e+02, 0.000000000000000e+00, 1.243592163561099e-01, 0.000000000000000e+00, 0.000000000000000e+00, 1.933802948941100e-05, 2.947551556801254e-03, 1.258000097393659e-04, -3.434075909513932e+02, 2.592926135779125e+00, 0.000000000000000e+00
1403, 1.222792565822600e-01, -1.510924656620886e-03, 4.439576756173709e-01, 0.000000000000000e+00, 0.000000000000000e+00, 1.015804603930394e+05, 0.000000000000000e+00, 4.063218415721576e+04, 3.188298277557783e+02, 0.000000000000000e+00, 1.175632760283207e-01, 0.000000000000000e+00, 0.000000000000000e+00, 1.933686147655185e-05, 2.985401360934086e-03, 1.313702244351079e-04, -3.526341104080115e+02, 2.603552528279895e+00, 0.000000000000000e+00
1429, 1.134960949420930e-01, -1.900380826792364e-03, 4.432512585619104e-01, 0.000000000000000e+00, 0.000000000000000e+00, 1.014104487817107e+05, 0.000000000000000e+00, 4.056417951268426e+04, 3.188034876678090e+02, 0.000000000000000e+00, 1.132487602969440e-01, 0.000000000000000e+00, 0.000000000000000e+00, 1.933565180758149e-05, 3.031147065410549e-03, 1.307707726241474e-04, -3.643472367565740e+02, 2.615379858936129e+00, 0.000000000000000e+00
1455, 1.051684617996220e-01, -2.249124356487886e-03, 4.424570606388809e-01, 0.000000000000000e+00, 0.000000000000000e+00, 1.012219298710929e+05, 0.000000000000000e+00, 4.048877194843716e+04, 3.187820212431694e+02, 0.000000000000000e+00, 1.084645705632831e-01, 0.000000000000000e+00, 0.000000000000000e+00, 1.933466592508287e-05, 3.069458647722032e-03, 1.308900864205312e-04, -3.741976480186274e+02, 2.624176661885139e+00, 0.000000000000000e+00
1481, 9.719923138618471e-02, -2.595323526476394e-03, 4.413597090178039e-01, 0.000000000000000e+00, 0.000000000000000e+00, 1.009635463340131e+05, 0.000000000000000e+00, 4.038541853360524e+04, 3.187588480840486e+02, 0.000000000000000e+00, 1.019073723416637e-01, 0.000000000000000e+00, 0.000000000000000e+00, 1.933360162097336e-05, 3.112851130714510e-03, 1.324121396516473e-04, -3.866295315289585e+02, 2.634476584454683e+00, 0.000000000000000e+00
1507, 8.964005112648010e-02, -2.909660307703850e-03, 4.407310189845265e-01, 0.000000000000000e+00, 0.000000000000000e+00, 1.008124996924175e+05, 0.000000000000000e+00, 4.032499987696698e+04, 3.187359885143053e+02, 0.000000000000000e+00, 9.807414526827347e-02, 0.000000000000000e+00, 0.000000000000000e+00, 1.933255168196294e-05, 3.159693040942653e-03, 1.287912425903398e-04, -3.992393255456906e+02, 2.644538928569792e+00, 0.000000000000000e+00
1533, 8.247101306915280e-02, -3.195655746604471e-03, 4.400975443963454e-01, 0.000000000000000e+00, 0.000000000000000e+00, 1.006628138188808e+05, 0.000000000000000e+00, 4.026512552755231e+04, 3.187208370424440e+02, 0.000000000000000e+00, 9.427545145500217e-02, 0.000000000000000e+00, 0.000000000000000e+00, 1.933185575499852e-05, 3.192093078256318e-03, 1.272040725073887e-04, -4.070086610750277e+02, 2.648003198479925e+00, 0.000000000000000e+00
1559, 7.564741373062130e-02, -3.467263240399254e-03, 4.396921226484318e-01, 0.000000000000000e+00, 0.000000000000000e+00, 1.005663074282420e+05, 0.000000000000000e+00, 4.022652297129679e+04, 3.187088737964013e+02, 0.000000000000000e+00, 9.182633437802636e-02, 0.000000000000000e+00, 0.000000000000000e+00, 1.933130625585400e-05, 3.211870100552712e-03, 1.257824273580712e-04, -4.104310257708517e+02, 2.646540522033868e+00, 0.000000000000000e+00
1585, 6.917616724967959e-02, -3.716305064967899e-03, 4.387525147107712e-01, 0.000000000000000e+00, 0.000000000000000e+00, 1.003435051330001e+05, 0.000000000000000e+00, 4.013740205320002e+04, 3.186837987999891e+02, 0.000000000000000e+00, 8.617210876193443e-02, 0.000000000000000e+00, 0.000000000000000e+00, 1.933015447101261e-05, 3.237860982088819e-03, 1.283503068942753e-04, -4.142884035228224e+02, 2.645623647910457e+00, 0.000000000000000e+00
1611, 6.298619508743290e-02, -3.969159803438344e-03, 4.366788333953788e-01, 0.000000000000000e+00, 0.000000000000000e+00, 9.985196369375152e+04, 0.000000000000000e+00, 3.994078547750060e+04, 3.186286367072883e+02, 0.000000000000000e+00, 7.369788270357158e-02, 0.000000000000000e+00, 0.000000000000000e+00, 1.932762051962571e-05, 3.303909881329100e-03, 1.335315054763978e-04, -4.300225750152827e+02, 2.658172452712085e+00, 0.000000000000000e+00
1637, 5.711802840232850e-02, -4.203649299939133e-03, 4.348391180358127e-01, 0.000000000000000e+00, 0.000000000000000e+00, 9.941566645687484e+04, 0.000000000000000e+00, 3.976626658274993e+04, 3.185785701138579e+02, 0.000000000000000e+00, 6.262563135939431e-02, 0.000000000000000e+00, 0.000000000000000e+00, 1.932532044944537e-05, 3.386448140020369e-03, 1.269855881704942e-04, -4.553080044524289e+02, 2.671004328920495e+00, 0.000000000000000e+00
1663, 5.161416530609130e-02, -4.395590042664554e-03, 4.332681708678717e-01, 0.000000000000000e+00, 0.000000000000000e+00, 9.904463978421244e+04, 0.000000000000000e+00, 3.961785591368497e+04, 3.185404049270805e+02, 0.000000000000000e+00, 5.320980144371452e-02, 0.000000000000000e+00, 0.000000000000000e+00, 1.932356701228613e-05, 3.457955068051370e-03, 1.160715003673504e-04, -4.776742949472239e+02, 2.678510290709132e+00, 0.000000000000000e+00
1689, 4.642483592033390e-02, -4.562582504875602e-03, 4.322163799971412e-01, 0.000000000000000e+00, 0.000000000000000e+00, 9.879525432068018e+04, 0.000000000000000e+00, 3.951810172827206e+04, 3.185115595568271e+02, 0.000000000000000e+00, 4.688095427158817e-02, 0.000000000000000e+00, 0.000000000000000e+00, 1.932224168987233e-05, 3.513521996652995e-03, 1.034813539086083e-04, -4.923433686519176e+02, 2.678635306462401e+00, 0.000000000000000e+00
1715, 4.156750440597530e-02, -4.691487456483238e-03, 4.315013172644693e-01, 0.000000000000000e+00, 0.000000000000000e+00, 9.862597237237895e+04, 0.000000000000000e+00, 3.945038894895157e+04, 3.184927192606569e+02, 0.000000000000000e+00, 4.258495576139572e-02, 0.000000000000000e+00, 0.000000000000000e+00, 1.932137602610165e-05, 3.539765872537626e-03, 9.109510238024337e-05, -4.957472653048745e+02, 2.666507304254566e+00, 0.000000000000000e+00
1741, 3.698146343231200e-02, -4.805605635384069e-03, 4.295051800472702e-01, 0.000000000000000e+00, 0.000000000000000e+00, 9.815585850250389e+04, 0.000000000000000e+00, 3.926234340100154e+04, 3.184477293191553e+02, 0.000000000000000e+00, 3.065451365063796e-02, 0.000000000000000e+00, 0.000000000000000e+00, 1.931930874999144e-05, 3.584168391580763e-03, 8.604737513027409e-05, -5.024284057613712e+02, 2.657245483267983e+00, 0.000000000000000e+00
1767, 3.265759348869320e-02, -4.905393267626939e-03, 4.262731328637608e-01, 0.000000000000000e+00, 0.000000000000000e+00, 9.739725799655388e+04, 0.000000000000000e+00, 3.895890319862154e+04, 3.183824396666483e+02, 0.000000000000000e+00, 1.140292376703597e-02, 0.000000000000000e+00, 0.000000000000000e+00, 1.931630845031838e-05, 3.672500726095545e-03, 7.568562448471252e-05, -5.293688778700422e+02, 2.656878380710100e+00, 0.000000000000000e+00
1793, 2.861636877059940e-02, -4.977999723381584e-03, 4.242525418451716e-01, 0.000000000000000e+00, 0.000000000000000e+00, 9.691877997836719e+04, 0.000000000000000e+00, 3.876751199134687e+04, 3.183272534813685e+02, 0.000000000000000e+00, -7.397817837772698e-04, 0.000000000000000e+00, 0.000000000000000e+00, 1.931377220464820e-05, 3.771879268547082e-03, 4.437519390382462e-05, -5.599723461793261e+02, 2.652881339395781e+00, 0.000000000000000e+00
1819, 2.490270137786870e-02, -4.996627587874319e-03, 4.233542375736941e-01, 0.000000000000000e+00, 0.000000000000000e+00, 9.670218949028931e+04, 0.000000000000000e+00, 3.868087579611571e+04, 3.182898083568912e+02, 0.000000000000000e+00, -6.236365580466139e-03, 0.000000000000000e+00, 0.000000000000000e+00, 1.931205117840062e-05, 3.816570644819555e-03, 9.418240765440715e-06, -5.613335101858906e+02, 2.628291523675279e+00, 0.000000000000000e+00
1845, 2.143678069114690e-02, -4.995716961033337e-03, 4.204427848734716e-01, 0.000000000000000e+00, 0.000000000000000e+00, 9.601593198796595e+04, 0.000000000000000e+00, 3.840637279518637e+04, 3.182194599610919e+02, 0.000000000000000e+00, -2.365205128809604e-02, 0.000000000000000e+00, 0.000000000000000e+00, 1.930881760437012e-05, 3.852934880332966e-03, -9.775867798033294e-06, -5.504143073383492e+02, 2.598073747853794e+00, 0.000000000000000e+00
1871, 1.820489764213560e-02, -4.979633570095321e-03, 4.158157026739966e-01, 0.000000000000000e+00, 0.000000000000000e+00, 9.493109533646330e+04, 0.000000000000000e+00, 3.797243813458531e+04, 3.181251047770203e+02, 0.000000000000000e+00, -5.118278734959504e-02, 0.000000000000000e+00, 0.000000000000000e+00, 1.930447999943798e-05, 3.951278840476178e-03, -4.626114308371926e-05, -5.677044915153817e+02, 2.571292795409966e+00, 0.000000000000000e+00
1897, 1.524919271469120e-02, -4.923273353715707e-03, 4.096022889460246e-01, 0.000000000000000e+00, 0.000000000000000e+00, 9.348938512209617e+04, 0.000000000000000e+00, 3.739575404883846e+04, 3.180462396591957e+02, 0.000000000000000e+00, -8.777017894807253e-02, 0.000000000000000e+00, 0.000000000000000e+00, 1.930085400036356e-05, 4.116480584767723e-03, -1.131601252130082e-04, -6.274057189587273e+02, 2.547757814639095e+00, 0.000000000000000e+00
1923, 1.256430149078370e-02, -4.824576221076144e-03, 4.037399903005754e-01, 0.000000000000000e+00, 0.000000000000000e+00, 9.216038457717403e+04, 0.000000000000000e+00, 3.686415383086960e+04, 3.180774248829151e+02, 0.000000000000000e+00, -1.214972503713694e-01, 0.000000000000000e+00, 0.000000000000000e+00, 1.930228786350714e-05, 4.260640823961733e-03, -2.161213674722659e-04, -7.235035963510509e+02, 2.503030755364449e+00, 0.000000000000000e+00
1949, 1.017087697982790e-02, -4.665675356977261e-03, 4.039938689010659e-01, 0.000000000000000e+00, 0.000000000000000e+00, 9.224197617065531e+04, 0.000000000000000e+00, 3.689679046826212e+04, 3.181589619587473e+02, 0.000000000000000e+00, -1.194266376004431e-01, 0.000000000000000e+00, 0.000000000000000e+00, 1.930603652215462e-05, 4.392301879203885e-03, -3.739840352250387e-04, -7.883643572245643e+02, 2.452431231925244e+00, 0.000000000000000e+00
1975, 8.062899112701419e-03, -4.441302786821227e-03, 4.089019466724010e-01, 0.000000000000000e+00, 0.000000000000000e+00, 9.341974782492669e+04, 0.000000000000000e+00, 3.736789912997067e+04, 3.183536614536350e+02, 0.000000000000000e+00, -8.953741832531305e-02, 0.000000000000000e+00, 0.000000000000000e+00, 1.931498588889171e-05, 4.245256641137915e-03, -5.106243189213890e-04, -7.272913717927322e+02, 2.328988746123681e+00, 0.000000000000000e+00
2001, 6.177186965942380e-03, -4.185309759391897e-03, 4.036387938607784e-01, 0.000000000000000e+00, 0.000000000000000e+00, 9.223793199618546e+04, 0.000000000000000e+00, 3.689517279847417e+04, 3.184248803160013e+02, 0.000000000000000e+00, -1.195292697338265e-01, 0.000000000000000e+00, 0.000000000000000e+00, 1.931825878888887e-05, 4.097409337336596e-03, -5.814170339949887e-04, -6.683208215327992e+02, 2.187281368397640e+00, 0.000000000000000e+00
2027, 4.468053579330440e-03, -3.931198900290501e-03, 3.832706160447928e-01, 0.000000000000000e+00, 0.000000000000000e+00, 8.754991301110091e+04, 0.000000000000000e+00, 3.501996520444036e+04, 3.183028526244902e+02, 0.000000000000000e+00, -2.385007417530351e-01, 0.000000000000000e+00, 0.000000000000000e+00, 1.931265072114671e-05, 4.676048550802748e-03, -8.378226072373653e-04, -1.001090453015085e+03, 2.166453292057982e+00, 0.000000000000000e+00
2053, 3.018766641616820e-03, -3.619405466027867e-03, 3.776317858088863e-01, 0.000000000000000e+00, 0.000000000000000e+00, 8.631220733047045e+04, 0.000000000000000e+00, 3.452488293218817e+04, 3.184886922552877e+02, 0.000000000000000e+00, -2.699109530213000e-01, 0.000000000000000e+00, 0.000000000000000e+00, 1.932119099214233e-05, 5.709182701702797e-03, -1.721999946478981e-03, -1.980346454435045e+03, 2.199746353566161e+00, 0.000000000000000e+00
2079, 1.912891864776610e-03, -3.160512697798766e-03, 4.185505045470821e-01, 0.000000000000000e+00, 0.000000000000000e+00, 9.565281385974358e+04, 0.000000000000000e+00, 3.826112554389742e+04, 3.184492403433499e+02, 0.000000000000000e+00, -3.286717997441829e-02, 0.000000000000000e+00, 0.000000000000000e+00, 1.931937818350608e-05, 7.456046365070931e-03, -4.264034836143449e-03, -3.373838692852617e+03, 2.509437136754261e+00, 0.000000000000000e+00
2105, 1.121968030929570e-03, -2.534646203933071e-03, 4.854934634791860e-01, 0.000000000000000e+00, 0.000000000000000e+00, 1.112235289199568e+05, 0.000000000000000e+00, 4.448941156798272e+04, 3.192299426397731e+02, 0.000000000000000e+00, 3.622828603729165e-01, 0.000000000000000e+00, 0.000000000000000e+00, 1.935523067780581e-05, 6.405917684958779e-03, -6.260656914496432e-03, -3.136329937520949e+03, 2.592695932627770e+00, 0.000000000000000e+00
2131, 5.391836166381840e-04, -1.817954696717621e-03, 5.548367862225502e-01, 0.000000000000000e+00, 0.000000000000000e+00, 1.275784478484596e+05, 0.000000000000000e+00, 5.103137913938382e+04, 3.204073007108167e+02, 0.000000000000000e+00, 7.773342468688907e-01, 0.000000000000000e+00, 0.000000000000000e+00, 1.940921691496892e-05, 3.201127655783977e-03, -5.318012551696806e-03, -1.437717932543844e+03, 2.306082102280807e+00, 0.000000000000000e+00
2157, 1.753866672515870e-04, -9.620967418251784e-04, 6.055991591797345e-01, 0.000000000000000e+00, 0.000000000000000e+00, 1.395785440864666e+05, 0.000000000000000e+00, 5.583141763458663e+04, 3.211616918707719e+02, 0.000000000000000e+00, 1.081869940591581e+00, 0.000000000000000e+00, 0.000000000000000e+00, 1.944375687251492e-05, 7.980905736099017e-04, -2.690906143896791e-03, -1.980891399072778e+02, 1.703698163999898e+00, 0.000000000000000e+00
2183, 0.000000000000000e+00, 0.000000000000000e+00, 6.188137493312608e-01, 0.000000000000000e+00, 0.000000000000000e+00, 1.427104622871940e+05, 0.000000000000000e+00, 5.708418491487758e+04, 3.213558386593805e+02, 0.000000000000000e+00, 1.161351043328106e+00, 0.000000000000000e+00, 0.000000000000000e+00, 1.945263941140324e-05, -1.316742198672092e-05, 3.538159905054236e-04, 1.503877128929873e+02, 7.062200501740646e-01, 0.000000000000000e+00
2209, 1.051127910614010e-04, 9.262016005504993e-04, 5.966266490162039e-01, 0.000000000000000e+00, 0.000000000000000e+00, 1.374881568766676e+05, 0.000000000000000e+00, 5.499526275066701e+04, 3.211093702912275e+02, 0.000000000000000e+00, 1.028820572781601e+00, 0.000000000000000e+00, 0.000000000000000e+00, 1.944136261748356e-05, 5.348311008732207e-04, 2.773296353205923e-03, -2.291300256908926e+02, 2.130721365922917e+00, 0.000000000000000e+00
2235, 3.451704978942870e-04, 1.789836233310996e-03, 5.627327044344008e-01, 0.000000000000000e+00, 0.000000000000000e+00, 1.294434109336473e+05, 0.000000000000000e+00, 5.177736437345889e+04, 3.205295908621774e+02, 0.000000000000000e+00, 8.246628528775676e-01, 0.000000000000000e+00, 0.000000000000000e+00, 1.941481873176334e-05, 1.864621891436121e-03, 4.959982027896361e-03, -1.133275046090635e+03, 2.615182616404935e+00, 0.000000000000000e+00
2261, 7.326900959014890e-04, 2.595586781223795e-03, 5.142350746723726e-01, 0.000000000000000e+00, 0.000000000000000e+00, 1.179417578495934e+05, 0.000000000000000e+00, 4.717670313983733e+04, 3.195922487418670e+02, 0.000000000000000e+00, 5.327765353481846e-01, 0.000000000000000e+00, 0.000000000000000e+00, 1.937185424984854e-05, 3.756019912813412e-03, 6.313526045003302e-03, -2.264158894981654e+03, 2.937484420897519e+00, 0.000000000000000e+00
2287, 1.276999711990360e-03, 3.356155941207277e-03, 4.660050690144864e-01, 0.000000000000000e+00, 0.000000000000000e+00, 1.065541004564399e+05, 0.000000000000000e+00, 4.262164018257597e+04, 3.186176740525372e+02, 0.000000000000000e+00, 2.437831743519191e-01, 0.000000000000000e+00, 0.000000000000000e+00, 1.932711690818330e-05, 5.385299769023542e-03, 6.476178657779694e-03, -3.095222491347608e+03, 3.050402811924878e+00, 0.000000000000000e+00
2313, 1.973092555999760e-03, 4.087252664960179e-03, 4.225331176153576e-01, 0.000000000000000e+00, 0.000000000000000e+00, 9.638318718901435e+04, 0.000000000000000e+00, 3.855327487560573e+04, 3.178563309397506e+02, 0.000000000000000e+00, -1.433193291518552e-02, 0.000000000000000e+00, 0.000000000000000e+00, 1.929212069909729e-05, 6.223285583873043e-03, 5.588532378254771e-03, -3.227463085822031e+03, 2.995854378101706e+00, 0.000000000000000e+00
2339, 2.858132123947140e-03, 4.776018417296530e-03, 3.897960088856422e-01, 0.000000000000000e+00, 0.000000000000000e+00, 8.880317998935384e+04, 0.000000000000000e+00, 3.552127199574153e+04, 3.174544844711124e+02, 0.000000000000000e+00, -2.066956194380006e-01, 0.000000000000000e+00, 0.000000000000000e+00, 1.927363253783834e-05, 6.111263985446519e-03, 4.174121950176770e-03, -2.616251925067157e+03, 2.819790651087736e+00, 0.000000000000000e+00
2365, 3.939032554626460e-03, 5.430031068992518e-03, 3.769000086323800e-01, 0.000000000000000e+00, 0.000000000000000e+00, 8.577103827355799e+04, 0.000000000000000e+00, 3.430841530942319e+04, 3.171062899586673e+02, 0.000000000000000e+00, -2.836446173936001e-01, 0.000000000000000e+00, 0.000000000000000e+00, 1.925760343581553e-05, 5.688044096766666e-03, 3.162733313054014e-03, -1.872894645480248e+03, 2.711858623634935e+00, 0.000000000000000e+00
2391, 5.185037851333620e-03, 6.069851962737008e-03, 3.767429942850817e-01, 0.000000000000000e+00, 0.000000000000000e+00, 8.567218997868901e+04, 0.000000000000000e+00, 3.426887599147560e+04, 3.168728427901101e+02, 0.000000000000000e+00, -2.861531667797195e-01, 0.000000000000000e+00, 0.000000000000000e+00, 1.924685184388013e-05, 5.414230220368599e-03, 2.685268854851163e-03, -1.477556391411770e+03, 2.702081524255766e+00, 0.000000000000000e+00
2417, 6.539613008499150e-03, 6.719828032381274e-03, 3.728385104330629e-01, 0.000000000000000e+00, 0.000000000000000e+00, 8.477662111510945e+04, 0.000000000000000e+00, 3.391064844604377e+04, 3.168441373095810e+02, 0.000000000000000e+00, -3.088807082708319e-01, 0.000000000000000e+00, 0.000000000000000e+00, 1.924552952023107e-05, 5.375505320812828e-03, 2.522300462979208e-03, -1.553765135473484e+03, 2.730463105968536e+00, 0.000000000000000e+00
2443, 7.984459400177000e-03, 7.383399591716740e-03, 3.558158122064553e-01, 0.000000000000000e+00, 0.000000000000000e+00, 8.076923151009798e+04, 0.000000000000000e+00, 3.230769260403918e+04, 3.163086316870728e+02, 0.000000000000000e+00, -4.105793237797644e-01, 0.000000000000000e+00, 0.000000000000000e+00, 1.922085048421459e-05, 5.882046909937948e-03, 2.550762828025546e-03, -1.870176691524243e+03, 2.838630061948804e+00, 0.000000000000000e+00
2469, 9.577721357345579e-03, 8.037310528255025e-03, 3.337703811162871e-01, 0.000000000000000e+00, 0.000000000000000e+00, 7.561655775738222e+04, 0.000000000000000e+00, 3.024662310295289e+04, 3.156889970636801e+02, 0.000000000000000e+00, -5.413426980633854e-01, 0.000000000000000e+00, 0.000000000000000e+00, 1.919226854776453e-05, 6.214546570926831e-03, 2.388294486774294e-03, -2.073855572279164e+03, 2.870677352913548e+00, 0.000000000000000e+00
2495, 1.134461164474490e-02, 8.674730019260217e-03, 3.167880451472377e-01, 0.000000000000000e+00, 0.000000000000000e+00, 7.165218655353753e+04, 0.000000000000000e+00, 2.866087462141500e+04, 3.151744478273467e+02, 0.000000000000000e+00, -6.419496024408133e-01, 0.000000000000000e+00, 0.000000000000000e+00, 1.916851283297860e-05, 6.288922755158947e-03, 2.136823108359065e-03, -2.074793638562096e+03, 2.853585703486019e+00, 0.000000000000000e+00
2521, 1.328635215759280e-02, 9.297413140874910e-03, 3.049381616079280e-01, 0.000000000000000e+00, 0.000000000000000e+00, 6.889027688805219e+04, 0.000000000000000e+00, 2.755611075522087e+04, 3.148012797473110e+02, 0.000000000000000e+00, -7.120407133199097e-01, 0.000000000000000e+00, 0.000000000000000e+00, 1.915127242701992e-05, 6.224264675604971e-03, 1.872869000830481e-03, -1.971264713030522e+03, 2.822608542382881e+00, 0.000000000000000e+00
2547, 1.542121171951290e-02, 9.901370965095980e-03, 2.975233986383277e-01, 0.000000000000000e+00, 0.000000000000000e+00, 6.716900156880637e+04, 0.000000000000000e+00, 2.686760062752254e+04, 3.145850668206322e+02, 0.000000000000000e+00, -7.557228441159981e-01, 0.000000000000000e+00, 0.000000000000000e+00, 1.914127875200700e-05, 6.074389302474085e-03, 1.623803718535387e-03, -1.812709232992173e+03, 2.788288990238710e+00, 0.000000000000000e+00
2573, 1.774638891220090e-02, 1.048966867576257e-02, 2.948561290008304e-01, 0.000000000000000e+00, 0.000000000000000e+00, 6.653205605833931e+04, 0.000000000000000e+00, 2.661282242333571e+04, 3.144206938701553e+02, 0.000000000000000e+00, -7.718871013891427e-01, 0.000000000000000e+00, 0.000000000000000e+00, 1.913367892846747e-05, 5.982635789079359e-03, 1.452120201033994e-03, -1.679487614603824e+03, 2.784175456458468e+00, 0.000000000000000e+00
2599, 2.023851871490480e-02, 1.107063967026438e-02, 2.943304385899972e-01, 0.000000000000000e+00, 0.000000000000000e+00, 6.640519150439255e+04, 0.000000000000000e+00, 2.656207660175702e+04, 3.143816525794080e+02, 0.000000000000000e+00, -7.751066409810525e-01, 0.000000000000000e+00, 0.000000000000000e+00, 1.913187355685152e-05, 5.893191416799321e-03, 1.314294132121338e-03, -1.595790797821216e+03, 2.786420426791143e+00, 0.000000000000000e+00
2625, 2.291005849838260e-02, 1.164126551987423e-02, 2.945018627633239e-01, 0.000000000000000e+00, 0.000000000000000e+00, 6.647301521415362e+04, 0.000000000000000e+00, 2.658920608566144e+04, 3.145195671714438e+02, 0.000000000000000e+00, -7.733854264096631e-01, 0.000000000000000e+00, 0.000000000000000e+00, 1.913825059453088e-05, 5.725509137372601e-03, 1.170870209800390e-03, -1.513540995667508e+03, 2.769708627473201e+00, 0.000000000000000e+00
2651, 2.576607465744020e-02, 1.220102832755850e-02, 2.967056259816716e-01, 0.000000000000000e+00, 0.000000000000000e+00, 6.701606733420037e+04, 0.000000000000000e+00, 2.680642693368014e+04, 3.147338788740436e+02, 0.000000000000000e+00, -7.596039740924539e-01, 0.000000000000000e+00, 0.000000000000000e+00, 1.914815742430629e-05, 5.528698647283765e-03, 1.045056280887767e-03, -1.407416960921003e+03, 2.751194246235124e+00, 0.000000000000000e+00
2677, 2.879580855369570e-02, 1.275381305690854e-02, 3.013664397467650e-01, 0.000000000000000e+00, 0.000000000000000e+00, 6.811889314210547e+04, 0.000000000000000e+00, 2.724755725684218e+04, 3.149655334011201e+02, 0.000000000000000e+00, -7.316167133401649e-01, 0.000000000000000e+00, 0.000000000000000e+00, 1.915886220563988e-05, 5.339528853967285e-03, 9.440056670211429e-04, -1.289847745601348e+03, 2.741311917195109e+00, 0.000000000000000e+00
2703, 3.199326992034910e-02, 1.330196958634868e-02, 3.075495998695902e-01, 0.000000000000000e+00, 0.000000000000000e+00, 6.957585156630070e+04, 0.000000000000000e+00, 2.783034062652027e+04, 3.152344703996147e+02, 0.000000000000000e+00, -6.946423561652513e-01, 0.000000000000000e+00, 0.000000000000000e+00, 1.917128494165619e-05, 5.137639845355939e-03, 8.502032412522047e-04, -1.171293670953285e+03, 2.730620104835635e+00, 0.000000000000000e+00
2729, 3.537228703498840e-02, 1.384212276508604e-02, 3.145599741958341e-01, 0.000000000000000e+00, 0.000000000000000e+00, 7.123423407912019e+04, 0.000000000000000e+00, 2.849369363164807e+04, 3.155554135529146e+02, 0.000000000000000e+00, -6.525563046051398e-01, 0.000000000000000e+00, 0.000000000000000e+00, 1.918610310108541e-05, 4.929022374199651e-03, 7.678331091827582e-04, -1.073271368642141e+03, 2.717915638803059e+00, 0.000000000000000e+00
2755, 3.891497850418090e-02, 1.438021931201432e-02, 3.208586046439121e-01, 0.000000000000000e+00, 0.000000000000000e+00, 7.273642161985899e+04, 0.000000000000000e+00, 2.909456864794359e+04, 3.158846901086179e+02, 0.000000000000000e+00, -6.144341332702502e-01, 0.000000000000000e+00, 0.000000000000000e+00, 1.920129828786738e-05, 4.775980503774911e-03, 7.169522429277904e-04, -1.040249870332018e+03, 2.711823669003885e+00, 0.000000000000000e+00
2781, 4.259017109870910e-02, 1.492564439265280e-02, 3.236389626484859e-01, 0.000000000000000e+00, 0.000000000000000e+00, 7.339082206667212e+04, 0.000000000000000e+00, 2.935632882666884e+04, 3.159885081537420e+02, 0.000000000000000e+00, -5.978269086205441e-01, 0.000000000000000e+00, 0.000000000000000e+00, 1.920608757653614e-05, 4.791163243798590e-03, 6.875762968752805e-04, -1.056413324590694e+03, 2.738822249288516e+00, 0.000000000000000e+00
2807, 4.645630717277530e-02, 1.546246981687512e-02, 3.241713509605782e-01, 0.000000000000000e+00, 0.000000000000000e+00, 7.350381810797635e+04, 0.000000000000000e+00, 2.940152724319053e+04, 3.159552706804909e+02, 0.000000000000000e+00, -5.949593209659123e-01, 0.000000000000000e+00, 0.000000000000000e+00, 1.920455436453837e-05, 4.851853157663595e-03, 6.582842600506983e-04, -1.070451768017805e+03, 2.769601288920802e+00, 0.000000000000000e+00
2833, 5.049252510070800e-02, 1.599781106543181e-02, 3.247871314212440e-01, 0.000000000000000e+00, 0.000000000000000e+00, 7.364166127327147e+04, 0.000000000000000e+00, 2.945666450930858e+04, 3.159476287850960e+02, 0.000000000000000e+00, -5.914611686898391e-01, 0.000000000000000e+00, 0.000000000000000e+00, 1.920420184014593e-05, 4.853564885266984e-03, 6.304372271754118e-04, -1.065882763524386e+03, 2.781923302233990e+00, 0.000000000000000e+00
2859, 5.469727516174320e-02, 1.653290219617161e-02, 3.252753168537827e-01, 0.000000000000000e+00, 0.000000000000000e+00, 7.375829577443705e+04, 0.000000000000000e+00, 2.950331830977482e+04, 3.159730931263502e+02, 0.000000000000000e+00, -5.885012450342302e-01, 0.000000000000000e+00, 0.000000000000000e+00, 1.920537650636697e-05, 4.817020436949296e-03, 5.963736000227441e-04, -1.048160711234323e+03, 2.782401797714448e+00, 0.000000000000000e+00
2885, 5.909299850463870e-02, 1.706259693315596e-02, 3.262665952316608e-01, 0.000000000000000e+00, 0.000000000000000e+00, 7.399450691477046e+04, 0.000000000000000e+00, 2.959780276590818e+04, 3.160219192098590e+02, 0.000000000000000e+00, -5.825067328186840e-01, 0.000000000000000e+00, 0.000000000000000e+00, 1.920762871546352e-05, 4.754699546557821e-03, 5.628171829994081e-04, -1.016294227256196e+03, 2.776477233960025e+00, 0.000000000000000e+00
2911, 6.365954875946039e-02, 1.759377292630825e-02, 3.276932927660164e-01, 0.000000000000000e+00, 0.000000000000000e+00, 7.433323227303721e+04, 0.000000000000000e+00, 2.973329290921488e+04, 3.160863941725653e+02, 0.000000000000000e+00, -5.739106382611653e-01, 0.000000000000000e+00, 0.000000000000000e+00, 1.921060249977094e-05, 4.689922445697253e-03, 5.390861346570399e-04, -9.902980315415456e+02, 2.769740641890870e+00, 0.000000000000000e+00
2937, 6.838649511337280e-02, 1.813084384390119e-02, 3.281459978327049e-01, 0.000000000000000e+00, 0.000000000000000e+00, 7.443998108886600e+04, 0.000000000000000e+00, 2.977599243554640e+04, 3.161036269425756e+02, 0.000000000000000e+00, -5.712015912637310e-01, 0.000000000000000e+00, 0.000000000000000e+00, 1.921139727757452e-05, 4.669318161469867e-03, 5.159629845899158e-04, -9.805527419973330e+02, 2.772323959810603e+00, 0.000000000000000e+00
2963, 7.332068681716920e-02, 1.866133556702183e-02, 3.281620892929613e-01, 0.000000000000000e+00, 0.000000000000000e+00, 7.444388032615953e+04, 0.000000000000000e+00, 2.977755213046381e+04, 3.161046837681226e+02, 0.000000000000000e+00, -5.711026373128106e-01, 0.000000000000000e+00, 0.000000000000000e+00, 1.921144601782251e-05, 4.657137391685603e-03, 4.930895840739078e-04, -9.733166908006183e+02, 2.774309621731121e+00, 0.000000000000000e+00
2989, 7.843562960624691e-02, 1.919482867635223e-02, 3.281610720474056e-01, 0.000000000000000e+00, 0.000000000000000e+00, 7.444548711442767e+04, 0.000000000000000e+00, 2.977819484577106e+04, 3.161124864296354e+02, 0.000000000000000e+00, -5.710618606081750e-01, 0.000000000000000e+00, 0.000000000000000e+00, 1.921180587004765e-05, 4.631382332034678e-03, 4.723729101397125e-04, -9.642661241888879e+02, 2.772539216306209e+00, 0.000000000000000e+00
3015, 8.375442028045650e-02, 1.972551310330177e-02, 3.277854572351091e-01, 0.000000000000000e+00, 0.000000000000000e+00, 7.435954735027617e+04, 0.000000000000000e+00, 2.974381894011046e+04, 3.161093870191828e+02, 0.000000000000000e+00, -5.732428202584271e-01, 0.000000000000000e+00, 0.000000000000000e+00, 1.921166292835428e-05, 4.618644859120314e-03, 4.512562200433537e-04, -9.606194855705523e+02, 2.772148587911742e+00, 0.000000000000000e+00
3041, 8.928063511848450e-02, 2.025442003768798e-02, 3.274568525643813e-01, 0.000000000000000e+00, 0.000000000000000e+00, 7.428692162403501e+04, 0.000000000000000e+00, 2.971476864961400e+04, 3.161175558762984e+02, 0.000000000000000e+00, -5.750858993041530e-01, 0.000000000000000e+00, 0.000000000000000e+00, 1.921203966633781e-05, 4.594453600574189e-03, 4.309286630985220e-04, -9.548865833285369e+02, 2.767510478612280e+00, 0.000000000000000e+00
3067, 9.501701593399051e-02, 2.078186837640543e-02, 3.270203665179093e-01, 0.000000000000000e+00, 0.000000000000000e+00, 7.419424317057787e+04, 0.000000000000000e+00, 2.967769726823114e+04, 3.161445830138185e+02, 0.000000000000000e+00, -5.774378718681171e-01, 0.000000000000000e+00, 0.000000000000000e+00, 1.921328609153012e-05, 4.547996394939433e-03, 4.036481867192187e-04, -9.387536380850503e+02, 2.756268354464465e+00, 0.000000000000000e+00
3093, 1.010102331638340e-01, 2.129545669884691e-02, 3.274172121592952e-01, 0.000000000000000e+00, 0.000000000000000e+00, 7.429020624083914e+04, 0.000000000000000e+00, 2.971608249633565e+04, 3.161698071493528e+02, 0.000000000000000e+00, -5.750025430512352e-01, 0.000000000000000e+00, 0.000000000000000e+00, 1.921444931921383e-05, 4.498590939079475e-03, 3.807473161301248e-04, -9.125170313748650e+02, 2.746103611133236e+00, 0.000000000000000e+00
3119, 1.072062253952030e-01, 2.181352670030146e-02, 3.283030805728649e-01, 0.000000000000000e+00, 0.000000000000000e+00, 7.449913845869551e+04, 0.000000000000000e+00, 2.979965538347820e+04, 3.162034682633372e+02, 0.000000000000000e+00, -5.697003090821116e-01, 0.000000000000000e+00, 0.000000000000000e+00, 1.921600155232903e-05, 4.441007781797917e-03, 3.592823173193445e-04, -8.833045873671497e+02, 2.736098849835876e+00, 0.000000000000000e+00
3145, 1.136637628078460e-01, 2.231914088859385e-02, 3.292347906505589e-01, 0.000000000000000e+00, 0.000000000000000e+00, 7.472318732207779e+04, 0.000000000000000e+00, 2.988927492883111e+04, 3.162568957079253e+02, 0.000000000000000e+00, -5.640144483452783e-01, 0.000000000000000e+00, 0.000000000000000e+00, 1.921846511331762e-05, 4.372757505967374e-03, 3.355327496231796e-04, -8.527984877272542e+02, 2.722115840335146e+00, 0.000000000000000e+00
3171, 1.203565001487730e-01, 2.282258056170224e-02, 3.304770076985235e-01, 0.000000000000000e+00, 0.000000000000000e+00, 7.502062091602311e+04, 0.000000000000000e+00, 3.000824836640924e+04, 3.163222501151348e+02, 0.000000000000000e+00, -5.564662467248875e-01, 0.000000000000000e+00, 0.000000000000000e+00, 1.922147835179284e-05, 4.308775691224662e-03, 3.199162413148614e-04, -8.302973158027086e+02, 2.708673078932647e+00, 0.000000000000000e+00
3197, 1.272729039192200e-01, 2.332958691407188e-02, 3.309456345861128e-01, 0.000000000000000e+00, 0.000000000000000e+00, 7.513480515172771e+04, 0.000000000000000e+00, 3.005392206069107e+04, 3.163551030211077e+02, 0.000000000000000e+00, -5.535685053449179e-01, 0.000000000000000e+00, 0.000000000000000e+00, 1.922299295581731e-05, 4.283563635160374e-03, 3.064782082747562e-04, -8.265743727725428e+02, 2.705340977656934e+00, 0.000000000000000e+00
3223, 1.344466507434840e-01, 2.383069541101668e-02, 3.306897236215662e-01, 0.000000000000000e+00, 0.000000000000000e+00, 7.507917086852007e+04, 0.000000000000000e+00, 3.003166834740802e+04, 3.163654914165913e+02, 0.000000000000000e+00, -5.549803794412054e-01, 0.000000000000000e+00, 0.000000000000000e+00, 1.922347187157383e-05, 4.272196247275611e-03, 2.883457648957064e-04, -8.261892373152580e+02, 2.703281605743450e+00, 0.000000000000000e+00
3249, 1.419069468975070e-01, 2.431729067856577e-02, 3.307891733885575e-01, 0.000000000000000e+00, 0.000000000000000e+00, 7.511035158332271e+04, 0.000000000000000e+00, 3.004414063332908e+04, 3.164017265422444e+02, 0.000000000000000e+00, -5.541890824028434e-01, 0.000000000000000e+00, 0.000000000000000e+00, 1.922514228746117e-05, 4.221445471579213e-03, 2.665586203334244e-04, -8.081614166184828e+02, 2.690081201447765e+00, 0.000000000000000e+00
3275, 1.496536135673520e-01, 2.479092267371198e-02, 3.318592026014692e-01, 0.000000000000000e+00, 0.000000000000000e+00, 7.536420963767639e+04, 0.000000000000000e+00, 3.014568385507055e+04, 3.164474644859326e+02, 0.000000000000000e+00, -5.477467308452921e-01, 0.000000000000000e+00, 0.000000000000000e+00, 1.922725064217530e-05, 4.158089295874409e-03, 2.471091705499860e-04, -7.786123765662210e+02, 2.676412797423442e+00, 0.000000000000000e+00
3301, 1.576814949512480e-01, 2.525474901771890e-02, 3.335774092628666e-01, 0.000000000000000e+00, 0.000000000000000e+00, 7.577013870119896e+04, 0.000000000000000e+00, 3.030805548047958e+04, 3.165131713943600e+02, 0.000000000000000e+00, -5.374451560487075e-01, 0.000000000000000e+00, 0.000000000000000e+00, 1.923027923083538e-05, 4.073153858281083e-03, 2.254864035006370e-04, -7.377742775163223e+02, 2.657297919615068e+00, 0.000000000000000e+00
3327, 1.660248339176180e-01, 2.569721979042727e-02, 3.361146312169607e-01, 0.000000000000000e+00, 0.000000000000000e+00, 7.636396396924595e+04, 0.000000000000000e+00, 3.054558558769837e+04, 3.165857646213891e+02, 0.000000000000000e+00, -5.223751944110679e-01, 0.000000000000000e+00, 0.000000000000000e+00, 1.923362486520104e-05, 3.988837475703290e-03, 2.090298335962993e-04, -6.962000930854540e+02, 2.641394570911890e+00, 0.000000000000000e+00
3353, 1.746245622634890e-01, 2.614262839672624e-02, 3.387418710509947e-01, 0.000000000000000e+00, 0.000000000000000e+00, 7.698344032062397e+04, 0.000000000000000e+00, 3.079337612824958e+04, 3.166786391648736e+02, 0.000000000000000e+00, -5.066542654559980e-01, 0.000000000000000e+00, 0.000000000000000e+00, 1.923790466034211e-05, 3.906247173200894e-03, 1.983577728213414e-04, -6.655568872328533e+02, 2.624621709727011e+00, 0.000000000000000e+00
3379, 1.835020482540130e-01, 2.658470620825366e-02, 3.404571755586737e-01, 0.000000000000000e+00, 0.000000000000000e+00, 7.738735825619499e+04, 0.000000000000000e+00, 3.095494330247799e+04, 3.167363197968679e+02, 0.000000000000000e+00, -4.964037286039215e-01, 0.000000000000000e+00, 0.000000000000000e+00, 1.924056235619076e-05, 3.864945466815286e-03, 1.891425668337973e-04, -6.509193016362148e+02, 2.618657944629767e+00, 0.000000000000000e+00
3405, 1.926559209823610e-01, 2.702504640258718e-02, 3.415523768946068e-01, 0.000000000000000e+00, 0.000000000000000e+00, 7.764490160688668e+04, 0.000000000000000e+00, 3.105796064275466e+04, 3.167714033503589e+02, 0.000000000000000e+00, -4.898678524400163e-01, 0.000000000000000e+00, 0.000000000000000e+00, 1.924217875086448e-05, 3.846760766687918e-03, 1.842099355261812e-04, -6.468220340066506e+02, 2.617082921239968e+00, 0.000000000000000e+00
3431, 2.020680904388430e-01, 2.747377876599126e-02, 3.417692785597728e-01, 0.000000000000000e+00, 0.000000000000000e+00, 7.769385818536775e+04, 0.000000000000000e+00, 3.107754327414709e+04, 3.167699700266033e+02, 0.000000000000000e+00, -4.886254436047600e-01, 0.000000000000000e+00, 0.000000000000000e+00, 1.924211271547660e-05, 3.854396239634688e-03, 1.794902479102878e-04, -6.505387025636780e+02, 2.622125884222203e+00, 0.000000000000000e+00
3457, 2.117756903171540e-01, 2.791540949048153e-02, 3.413967030518896e-01, 0.000000000000000e+00, 0.000000000000000e+00, 7.760396456718136e+04, 0.000000000000000e+00, 3.104158582687254e+04, 3.167487594351105e+02, 0.000000000000000e+00, -4.909067432570852e-01, 0.000000000000000e+00, 0.000000000000000e+00, 1.924113549426301e-05, 3.873936380983282e-03, 1.756930487600937e-04, -6.588254509677143e+02, 2.628163175825652e+00, 0.000000000000000e+00
3483, 2.217475175857540e-01, 2.836629175878733e-02, 3.404426225424616e-01, 0.000000000000000e+00, 0.000000000000000e+00, 7.737719261371634e+04, 0.000000000000000e+00, 3.095087704548653e+04, 3.167082510101537e+02, 0.000000000000000e+00, -4.966617099503183e-01, 0.000000000000000e+00, 0.000000000000000e+00, 1.923926908717141e-05, 3.903699606561075e-03, 1.717652521784658e-04, -6.721276072716440e+02, 2.636369833311983e+00, 0.000000000000000e+00
3509, 2.320270836353300e-01, 2.880648360756149e-02, 3.389103903257585e-01, 0.000000000000000e+00, 0.000000000000000e+00, 7.701477437649558e+04, 0.000000000000000e+00, 3.080590975059823e+04, 3.166500058723572e+02, 0.000000000000000e+00, -5.058590769631103e-01, 0.000000000000000e+00, 0.000000000000000e+00, 1.923658526238597e-05, 3.943296676779785e-03, 1.651217076267107e-04, -6.890433860568135e+02, 2.644580865502855e+00, 0.000000000000000e+00
3535, 2.426079511642460e-01, 2.923980209712866e-02, 3.372087800275673e-01, 0.000000000000000e+00, 0.000000000000000e+00, 7.661787560792617e+04, 0.000000000000000e+00, 3.064715024317046e+04, 3.166077699114635e+02, 0.000000000000000e+00, -5.159314830027507e-01, 0.000000000000000e+00, 0.000000000000000e+00, 1.923463895731586e-05, 3.963555962493704e-03, 1.545187260995953e-04, -7.026104967562541e+02, 2.646363997690614e+00, 0.000000000000000e+00
3561, 2.535301446914670e-01, 2.964477771342941e-02, 3.357648619478608e-01, 0.000000000000000e+00, 0.000000000000000e+00, 7.628748426534208e+04, 0.000000000000000e+00, 3.051499370613683e+04, 3.165981589694156e+02, 0.000000000000000e+00, -5.243160788191693e-01, 0.000000000000000e+00, 0.000000000000000e+00, 1.923419605080399e-05, 3.944079309752822e-03, 1.383690943561346e-04, -7.008229809236711e+02, 2.635505063861389e+00, 0.000000000000000e+00
3587, 2.647941112518310e-01, 3.001815330091106e-02, 3.352622108197467e-01, 0.000000000000000e+00, 0.000000000000000e+00, 7.617504635109814e+04, 0.000000000000000e+00, 3.047001854043925e+04, 3.166055030423864e+02, 0.000000000000000e+00, -5.271695024531036e-01, 0.000000000000000e+00, 0.000000000000000e+00, 1.923453449249687e-05, 3.901128554601457e-03, 1.207242495560187e-04, -6.818958278934406e+02, 2.619294702031629e+00, 0.000000000000000e+00
3613, 2.764054536819460e-01, 3.035267658745659e-02, 3.359262680457467e-01, 0.000000000000000e+00, 0.000000000000000e+00, 7.632911706903779e+04, 0.000000000000000e+00, 3.053164682761511e+04, 3.166187355567025e+02, 0.000000000000000e+00, -5.232595310629159e-01, 0.000000000000000e+00, 0.000000000000000e+00, 1.923514428527098e-05, 3.848703960429448e-03, 1.059604961460688e-04, -6.526308850911645e+02, 2.605674259673741e+00, 0.000000000000000e+00
3639, 2.883291840553280e-01, 3.066610856500316e-02, 3.372310195870295e-01, 0.000000000000000e+00, 0.000000000000000e+00, 7.663234425720359e+04, 0.000000000000000e+00, 3.065293770288143e+04, 3.166466752088778e+02, 0.000000000000000e+00, -5.155643009354126e-01, 0.000000000000000e+00, 0.000000000000000e+00, 1.923643178439544e-05, 3.794332743400364e-03, 9.608235636041334e-05, -6.251221091462056e+02, 2.592628822092970e+00, 0.000000000000000e+00
3665, 3.005529642105100e-01, 3.096415424867590e-02, 3.381588231456836e-01, 0.000000000000000e+00, 0.000000000000000e+00, 7.685100949080249e+04, 0.000000000000000e+00, 3.074040379632099e+04, 3.166789453078580e+02, 0.000000000000000e+00, -5.100150647221090e-01, 0.000000000000000e+00, 0.000000000000000e+00, 1.923791876683393e-05, 3.754669780437067e-03, 8.803379923276585e-05, -6.096892232607238e+02, 2.582495139234571e+00, 0.000000000000000e+00
3691, 3.130726814270020e-01, 3.124625654267188e-02, 3.383712898334972e-01, 0.000000000000000e+00, 0.000000000000000e+00, 7.690075623732600e+04, 0.000000000000000e+00, 3.076030249493039e+04, 3.166849615074515e+02, 0.000000000000000e+00, -5.087526031832588e-01, 0.000000000000000e+00, 0.000000000000000e+00, 1.923819598060657e-05, 3.744018324719705e-03, 8.103617363452474e-05, -6.061286581821237e+02, 2.580181082561718e+00, 0.000000000000000e+00
3717, 3.258830904960630e-01, 3.151240383877751e-02, 3.378777746715246e-01, 0.000000000000000e+00, 0.000000000000000e+00, 7.678244702353052e+04, 0.000000000000000e+00, 3.071297880941221e+04, 3.166596010229445e+02, 0.000000000000000e+00, -5.117550273123985e-01, 0.000000000000000e+00, 0.000000000000000e+00, 1.923702740539626e-05, 3.756137575400132e-03, 7.301355897568293e-05, -6.092912928226434e+02, 2.583264234732935e+00, 0.000000000000000e+00
3743, 3.389919400215150e-01, 3.175008721394192e-02, 3.369964718838578e-01, 0.000000000000000e+00, 0.000000000000000e+00, 7.657284283509894e+04, 0.000000000000000e+00, 3.062913713403957e+04, 3.166210271505651e+02, 0.000000000000000e+00, -5.170743143968657e-01, 0.000000000000000e+00, 0.000000000000000e+00, 1.923524988730666e-05, 3.773043179283478e-03, 6.377046980391480e-05, -6.141835427426379e+02, 2.586883396345865e+00, 0.000000000000000e+00
3769, 3.523894548416140e-01, 3.196040382891557e-02, 3.359912132889661e-01, 0.000000000000000e+00, 0.000000000000000e+00, 7.633591757507394e+04, 0.000000000000000e+00, 3.053436703002957e+04, 3.165857384478616e+02, 0.000000000000000e+00, -5.230869493783769e-01, 0.000000000000000e+00, 0.000000000000000e+00, 1.923362365899906e-05, 3.785071859433387e-03, 5.420448520402067e-05, -6.193217306955942e+02, 2.588010203127841e+00, 0.000000000000000e+00
3795, 3.660713136196140e-01, 3.213787998513440e-02, 3.348462162466852e-01, 0.000000000000000e+00, 0.000000000000000e+00, 7.606901022991182e+04, 0.000000000000000e+00, 3.042760409196472e+04, 3.165575720732523e+02, 0.000000000000000e+00, -5.298604628491432e-01, 0.000000000000000e+00, 0.000000000000000e+00, 1.923232558849195e-05, 3.791810043855973e-03, 4.190363819816131e-05, -6.234633567389275e+02, 2.585921687660066e+00, 0.000000000000000e+00
3821, 3.800389170646670e-01, 3.226596055458696e-02, 3.338802330160509e-01, 0.000000000000000e+00, 0.000000000000000e+00, 7.584636276932960e+04, 0.000000000000000e+00, 3.033854510773183e+04, 3.165442198441385e+02, 0.000000000000000e+00, -5.355107591067055e-01, 0.000000000000000e+00, 0.000000000000000e+00, 1.923171022010603e-05, 3.777741705477663e-03, 2.686343513686487e-05, -6.186460911864622e+02, 2.577238079823640e+00, 0.000000000000000e+00
3847, 3.942807912826540e-01, 3.233847693763306e-02, 3.335300067384259e-01, 0.000000000000000e+00, 0.000000000000000e+00, 7.576343424179706e+04, 0.000000000000000e+00, 3.030537369671882e+04, 3.165301450307115e+02, 0.000000000000000e+00, -5.376153002837617e-01, 0.000000000000000e+00, 0.000000000000000e+00, 1.923106153586263e-05, 3.760846778734363e-03, 1.344632424566778e-05, -6.085710058058698e+02, 2.570169003513013e+00, 0.000000000000000e+00
3873, 4.087766110897060e-01, 3.236870772155970e-02, 3.334744857123785e-01, 0.000000000000000e+00, 0.000000000000000e+00, 7.574902726335889e+04, 0.000000000000000e+00, 3.029961090534355e+04, 3.165226443759476e+02, 0.000000000000000e+00, -5.379809172826669e-01, 0.000000000000000e+00, 0.000000000000000e+00, 1.923071583760333e-05, 3.737217692373266e-03, 9.698655877012518e-07, -5.975982132360194e+02, 2.563624590699869e+00, 0.000000000000000e+00
3899, 4.235162138938900e-01, 3.234606398036552e-02, 3.333467211842707e-01, 0.000000000000000e+00, 0.000000000000000e+00, 7.571976518162312e+04, 0.000000000000000e+00, 3.028790607264925e+04, 3.165216400684522e+02, 0.000000000000000e+00, -5.387235236905178e-01, 0.000000000000000e+00, 0.000000000000000e+00, 1.923066954968998e-05, 3.717785258781656e-03, -1.201514359699063e-05, -5.910035027644602e+02, 2.556558271953762e+00, 0.000000000000000e+00
3925, 4.384851455688480e-01, 3.227269563829590e-02, 3.331387429978860e-01, 0.000000000000000e+00, 0.000000000000000e+00, 7.567413381882447e+04, 0.000000000000000e+00, 3.026965352752978e+04, 3.165283781870816e+02, 0.000000000000000e+00, -5.398815459638215e-01, 0.000000000000000e+00, 0.000000000000000e+00, 1.923098010403396e-05, 3.698913533995927e-03, -2.580755712804456e-05, -5.879803618892463e+02, 2.549266878798236e+00, 0.000000000000000e+00
3951, 4.536674916744230e-01, 3.213569658014029e-02, 3.328998090270949e-01, 0.000000000000000e+00, 0.000000000000000e+00, 7.562604642363629e+04, 0.000000000000000e+00, 3.025041856945451e+04, 3.165542783640080e+02, 0.000000000000000e+00, -5.411018968645557e-01, 0.000000000000000e+00, 0.000000000000000e+00, 1.923217379146904e-05, 3.662745585022338e-03, -4.317529870650372e-05, -5.804451634193894e+02, 2.535888065473612e+00, 0.000000000000000e+00
3977, 4.690417945384980e-01, 3.191250342289082e-02, 3.333071689166440e-01, 0.000000000000000e+00, 0.000000000000000e+00, 7.572709499553204e+04, 0.000000000000000e+00, 3.029083799821281e+04, 3.165898439811136e+02, 0.000000000000000e+00, -5.385375093520212e-01, 0.000000000000000e+00, 0.000000000000000e+00, 1.923381286110529e-05, 3.615141407960109e-03, -6.023952782078580e-05, -5.653954675906031e+02, 2.520906230200151e+00, 0.000000000000000e+00
4003, 4.845884144306180e-01, 3.162045759598468e-02, 3.344687107717453e-01, 0.000000000000000e+00, 0.000000000000000e+00, 7.600197672432521e+04, 0.000000000000000e+00, 3.040079068973008e+04, 3.166355901476733e+02, 0.000000000000000e+00, -5.315616237999878e-01, 0.000000000000000e+00, 0.000000000000000e+00, 1.923592097564280e-05, 3.558985779847305e-03, -7.644528671095054e-05, -5.450325890598326e+02, 2.505710263370283e+00, 0.000000000000000e+00
4029, 5.002762079238890e-01, 3.124160338726410e-02, 3.361523800941333e-01, 0.000000000000000e+00, 0.000000000000000e+00, 7.640065860907742e+04, 0.000000000000000e+00, 3.056026344363096e+04, 3.167023226678053e+02, 0.000000000000000e+00, -5.214439662462809e-01, 0.000000000000000e+00, 0.000000000000000e+00, 1.923899593162161e-05, 3.485048080483549e-03, -9.389287234589462e-05, -5.187290033252034e+02, 2.485923440571382e+00, 0.000000000000000e+00
4055, 5.160748958587650e-01, 3.077216049560603e-02, 3.385957797074581e-01, 0.000000000000000e+00, 0.000000000000000e+00, 7.697494692027863e+04, 0.000000000000000e+00, 3.078997876811144e+04, 3.167803206090031e+02, 0.000000000000000e+00, -5.068698090245606e-01, 0.000000000000000e+00, 0.000000000000000e+00, 1.924258957910639e-05, 3.404985628385182e-03, -1.098650714760967e-04, -4.891378631177756e+02, 2.466084589102094e+00, 0.000000000000000e+00
4081, 5.319590568542480e-01, 3.021932639634738e-02, 3.416117061543428e-01, 0.000000000000000e+00, 0.000000000000000e+00, 7.768316019448645e+04, 0.000000000000000e+00, 3.107326407779458e+04, 3.168724463945798e+02, 0.000000000000000e+00, -4.888969347669853e-01, 0.000000000000000e+00, 0.000000000000000e+00, 1.924683358424466e-05, 3.319510928390666e-03, -1.245747341066446e-04, -4.588413181059604e+02, 2.444557566123309e+00, 0.000000000000000e+00
4107, 5.478921532630920e-01, 2.957812123300047e-02, 3.450082259764656e-01, 0.000000000000000e+00, 0.000000000000000e+00, 7.848290478094779e+04, 0.000000000000000e+00, 3.139316191237911e+04, 3.169829882401573e+02, 0.000000000000000e+00, -4.686011998321613e-01, 0.000000000000000e+00, 0.000000000000000e+00, 1.925192516645202e-05, 3.220372668692145e-03, -1.390010704615154e-04, -4.267721056965269e+02, 2.419615284353255e+00, 0.000000000000000e+00
4133, 5.638301968574519e-01, 2.884367114366716e-02, 3.489273571814868e-01, 0.000000000000000e+00, 0.000000000000000e+00, 7.940507231857210e+04, 0.000000000000000e+00, 3.176202892742883e+04, 3.171053441326547e+02, 0.000000000000000e+00, -4.451986432835314e-01, 0.000000000000000e+00, 0.000000000000000e+00, 1.925755988295471e-05, 3.111279035664243e-03, -1.522665992582790e-04, -3.913997529407329e+02, 2.391487468040680e+00, 0.000000000000000e+00
4159, 5.797371864318850e-01, 2.801961913521483e-02, 3.535159095919446e-01, 0.000000000000000e+00, 0.000000000000000e+00, 8.048084754017327e+04, 0.000000000000000e+00, 3.219233901606930e+04, 3.172297539671839e+02, 0.000000000000000e+00, -4.178978661145640e-01, 0.000000000000000e+00, 0.000000000000000e+00, 1.926328808532256e-05, 3.004659381905841e-03, -1.614515203260430e-04, -3.561698939364397e+02, 2.364583669505673e+00, 0.000000000000000e+00
4185, 5.956164002418520e-01, 2.713568025035364e-02, 3.583076833659564e-01, 0.000000000000000e+00, 0.000000000000000e+00, 8.160565239957318e+04, 0.000000000000000e+00, 3.264226095982926e+04, 3.173616582408005e+02, 0.000000000000000e+00, -3.893528260277113e-01, 0.000000000000000e+00, 0.000000000000000e+00, 1.926936014118273e-05, 2.899162663142748e-03, -1.662099888774435e-04, -3.259547631599938e+02, 2.337278867688279e+00, 0.000000000000000e+00
4211, 6.114472150802610e-01, 2.620167232734699e-02, 3.627739738736572e-01, 0.000000000000000e+00, 0.000000000000000e+00, 8.265590428130582e+04, 0.000000000000000e+00, 3.306236171252232e+04, 3.174885708004838e+02, 0.000000000000000e+00, -3.626997743318414e-01, 0.000000000000000e+00, 0.000000000000000e+00, 1.927520123154864e-05, 2.805658520729189e-03, -1.704308993671945e-04, -3.026599237615995e+02, 2.313377911530395e+00, 0.000000000000000e+00
4237, 6.271871328353880e-01, 2.521790290509100e-02, 3.670492225122949e-01, 0.000000000000000e+00, 0.000000000000000e+00, 8.366453253229841e+04, 0.000000000000000e+00, 3.346581301291936e+04, 3.176196895842350e+02, 0.000000000000000e+00, -3.371030376030579e-01, 0.000000000000000e+00, 0.000000000000000e+00, 1.928123469874656e-05, 2.716026757329600e-03, -1.734227130142109e-04, -2.837860964376033e+02, 2.288248092201687e+00, 0.000000000000000e+00
4263, 6.428214907646180e-01, 2.419837394549061e-02, 3.714740326722778e-01, 0.000000000000000e+00, 0.000000000000000e+00, 8.471125934455461e+04, 0.000000000000000e+00, 3.388450373782183e+04, 3.177627712131323e+02, 0.000000000000000e+00, -3.105394443129496e-01, 0.000000000000000e+00, 0.000000000000000e+00, 1.928781723411399e-05, 2.623236101442113e-03, -1.702285601588435e-04, -2.705809925515532e+02, 2.260964115601337e+00, 0.000000000000000e+00
4289, 6.584149599075320e-01, 2.319144861969212e-02, 3.753185413510196e-01, 0.000000000000000e+00, 0.000000000000000e+00, 8.562659488932247e+04, 0.000000000000000e+00, 3.425063795572898e+04, 3.179061946891389e+02, 0.000000000000000e+00, -2.873102685141714e-01, 0.000000000000000e+00, 0.000000000000000e+00, 1.929441402505737e-05, 2.511527527873766e-03, -1.681354478477360e-04, -2.544087786151201e+02, 2.221490139385304e+00, 0.000000000000000e+00
4315, 6.737585067749020e-01, 2.212728016521845e-02, 3.787725128925736e-01, 0.000000000000000e+00, 0.000000000000000e+00, 8.645628379874984e+04, 0.000000000000000e+00, 3.458251351949992e+04, 3.180595539103781e+02, 0.000000000000000e+00, -2.662546134098218e-01, 0.000000000000000e+00, 0.000000000000000e+00, 1.930146618386417e-05, 2.283496096543672e-03, -1.609705387516347e-04, -2.007849231044567e+02, 2.126529262173589e+00, 0.000000000000000e+00
4341, 6.888993382453920e-01, 2.104251269114756e-02, 3.834496081708190e-01, 0.000000000000000e+00, 0.000000000000000e+00, 8.756024520632118e+04, 0.000000000000000e+00, 3.502409808252846e+04, 3.181918175865302e+02, 0.000000000000000e+00, -2.382385336693101e-01, 0.000000000000000e+00, 0.000000000000000e+00, 1.930754692187999e-05, 1.875810110723935e-03, -1.244770782236509e-04, -9.134360795458259e+01, 1.938605263211936e+00, 0.000000000000000e+00
4367, 7.042160034179690e-01, 2.010614797787115e-02, 3.865542325478720e-01, 0.000000000000000e+00, 0.000000000000000e+00, 8.830431982810753e+04, 0.000000000000000e+00, 3.532172793124300e+04, 3.183184807804107e+02, 0.000000000000000e+00, -2.193555783468795e-01, 0.000000000000000e+00, 0.000000000000000e+00, 1.931336900897713e-05, 1.736193215725973e-03, -1.057662374951527e-04, -7.825911092068860e+01, 1.870978846974766e+00, 0.000000000000000e+00
4393, 7.193410396575930e-01, 1.918805076135993e-02, 3.870851494786920e-01, 0.000000000000000e+00, 0.000000000000000e+00, 8.844780025056798e+04, 0.000000000000000e+00, 3.537912010022718e+04, 3.183983899140833e+02, 0.000000000000000e+00, -2.157143650496706e-01, 0.000000000000000e+00, 0.000000000000000e+00, 1.931704145096120e-05, 1.702502612880962e-03, -1.065729849512709e-04, -8.041334374555989e+01, 1.851472643633759e+00, 0.000000000000000e+00
4419, 7.341139912605290e-01, 1.823459853981974e-02, 3.890829975934028e-01, 0.000000000000000e+00, 0.000000000000000e+00, 8.892208275286683e+04, 0.000000000000000e+00, 3.556883310114672e+04, 3.184620671427152e+02, 0.000000000000000e+00, -2.036781323400818e-01, 0.000000000000000e+00, 0.000000000000000e+00, 1.931996758494753e-05, 1.678677150556195e-03, -9.971585992310798e-05, -7.750571866954776e+01, 1.841995063461180e+00, 0.000000000000000e+00
4445, 7.489700317382810e-01, 1.742804561504465e-02, 3.908636401701542e-01, 0.000000000000000e+00, 0.000000000000000e+00, 8.934490268724594e+04, 0.000000000000000e+00, 3.573796107489837e+04, 3.185186339106418e+02, 0.000000000000000e+00, -1.929479048917301e-01, 0.000000000000000e+00, 0.000000000000000e+00, 1.932256673192211e-05, 1.684452247088660e-03, -8.836113083624111e-05, -8.296092743928438e+01, 1.849351322847016e+00, 0.000000000000000e+00
4471, 7.636658549308780e-01, 1.668439959725927e-02, 3.903580556498391e-01, 0.000000000000000e+00, 0.000000000000000e+00, 8.923045495874672e+04, 0.000000000000000e+00, 3.569218198349868e+04, 3.185226335468948e+02, 0.000000000000000e+00, -1.958523331314893e-01, 0.000000000000000e+00, 0.000000000000000e+00, 1.932275049977058e-05, 1.733213846399305e-03, -8.826404972203931e-05, -8.937400189041311e+01, 1.872601380864727e+00, 0.000000000000000e+00
4497, 7.780403494834900e-01, 1.594763742639030e-02, 3.902133605432209e-01, 0.000000000000000e+00, 0.000000000000000e+00, 8.919646387949662e+04, 0.000000000000000e+00, 3.567858555179864e+04, 3.185193633152283e+02, 0.000000000000000e+00, -1.967149509550886e-01, 0.000000000000000e+00, 0.000000000000000e+00, 1.932260024533274e-05, 1.776989716008463e-03, -8.658718078780392e-05, -9.414775615884970e+01, 1.894021713881723e+00, 0.000000000000000e+00
4523, 7.922744154930110e-01, 1.529039344001686e-02, 3.902310628891433e-01, 0.000000000000000e+00, 0.000000000000000e+00, 8.919880362867925e+04, 0.000000000000000e+00, 3.567952145147169e+04, 3.185132689147894e+02, 0.000000000000000e+00, -1.966555733362486e-01, 0.000000000000000e+00, 0.000000000000000e+00, 1.932232022927630e-05, 1.831861413743800e-03, -8.093653638278218e-05, -1.032765991729205e+02, 1.921769354423788e+00, 0.000000000000000e+00
4549, 8.063289523124690e-01, 1.469777129846827e-02, 3.890472676791285e-01, 0.000000000000000e+00, 0.000000000000000e+00, 8.891800008131641e+04, 0.000000000000000e+00, 3.556720003252656e+04, 3.184766916831158e+02, 0.000000000000000e+00, -2.037817414435577e-01, 0.000000000000000e+00, 0.000000000000000e+00, 1.932063957965721e-05, 1.916959424610086e-03, -7.908861572083319e-05, -1.169234846379085e+02, 1.962238160945010e+00, 0.000000000000000e+00
4575, 8.201366662979130e-01, 1.414087153635185e-02, 3.872016486751357e-01, 0.000000000000000e+00, 0.000000000000000e+00, 8.848052232176739e+04, 0.000000000000000e+00, 3.539220892870695e+04, 3.184203508302757e+02, 0.000000000000000e+00, -2.148839518217168e-01, 0.000000000000000e+00, 0.000000000000000e+00, 1.931805064479674e-05, 2.012603940785570e-03, -8.008877623832718e-05, -1.324164826203409e+02, 2.004504751830452e+00, 0.000000000000000e+00
4601, 8.336892127990720e-01, 1.360900776405991e-02, 3.851882896930715e-01, 0.000000000000000e+00, 0.000000000000000e+00, 8.800329816881119e+04, 0.000000000000000e+00, 3.520131926752447e+04, 3.183583242567746e+02, 0.000000000000000e+00, -2.269948370679069e-01, 0.000000000000000e+00, 0.000000000000000e+00, 1.931520018152910e-05, 2.110311364164963e-03, -8.006689281972493e-05, -1.516408335057799e+02, 2.047262499711100e+00, 0.000000000000000e+00
4627, 8.470668792724610e-01, 1.311911782149247e-02, 3.824691309594531e-01, 0.000000000000000e+00, 0.000000000000000e+00, 8.736033573618860e+04, 0.000000000000000e+00, 3.494413429447543e+04, 3.182791884295888e+02, 0.000000000000000e+00, -2.433117904133472e-01, 0.000000000000000e+00, 0.000000000000000e+00, 1.931156305459726e-05, 2.225224843299888e-03, -8.258930331941905e-05, -1.773850878331219e+02, 2.093953307702301e+00, 0.000000000000000e+00
4653, 8.601957559585570e-01, 1.262521642291096e-02, 3.788810849877079e-01, 0.000000000000000e+00, 0.000000000000000e+00, 8.651513804795255e+04, 0.000000000000000e+00, 3.460605521918101e+04, 3.181848646329025e+02, 0.000000000000000e+00, -2.647610237540394e-01, 0.000000000000000e+00, 0.000000000000000e+00, 1.930722729542837e-05, 2.343137211543592e-03, -9.338499749744277e-05, -2.064435633405510e+02, 2.138947072002277e+00, 0.000000000000000e+00
4679, 8.730279207229610e-01, 1.208444866983453e-02, 3.754138258269867e-01, 0.000000000000000e+00, 0.000000000000000e+00, 8.570402721578543e+04, 0.000000000000000e+00, 3.428161088631416e+04, 3.181129166666581e+02, 0.000000000000000e+00, -2.853452086689620e-01, 0.000000000000000e+00, 0.000000000000000e+00, 1.930391965303503e-05, 2.424462172639592e-03, -1.100110650625936e-04, -2.324363233600678e+02, 2.166179690305845e+00, 0.000000000000000e+00
4705, 8.855857253074650e-01, 1.147313510710353e-02, 3.727067702474751e-01, 0.000000000000000e+00, 0.000000000000000e+00, 8.507620185981839e+04, 0.000000000000000e+00, 3.403048074392735e+04, 3.180761806165521e+02, 0.000000000000000e+00, -3.012780167501636e-01, 0.000000000000000e+00, 0.000000000000000e+00, 1.930223065480643e-05, 2.461561189948694e-03, -1.315561675413754e-04, -2.504666756003611e+02, 2.174916112911141e+00, 0.000000000000000e+00
4731, 8.978731632232670e-01, 1.075661457075837e-02, 3.710721199583426e-01, 0.000000000000000e+00, 0.000000000000000e+00, 8.470789043475759e+04, 0.000000000000000e+00, 3.388315617390303e+04, 3.180942930256794e+02, 0.000000000000000e+00, -3.106249397341340e-01, 0.000000000000000e+00, 0.000000000000000e+00, 1.930306341363475e-05, 2.423931334032708e-03, -1.596803414046608e-04, -2.500621072435467e+02, 2.155208825523303e+00, 0.000000000000000e+00
4757, 9.098071455955510e-01, 9.877510426402423e-03, 3.718036445883278e-01, 0.000000000000000e+00, 0.000000000000000e+00, 8.489274907359532e+04, 0.000000000000000e+00, 3.395709962943812e+04, 3.181612553481932e+02, 0.000000000000000e+00, -3.059336395393259e-01, 0.000000000000000e+00, 0.000000000000000e+00, 1.930614195362394e-05, 2.308203496518209e-03, -1.867277041427913e-04, -2.230790145967121e+02, 2.108266139789074e+00, 0.000000000000000e+00
4783, 9.214465022087100e-01, 8.849592302413573e-03, 3.754922396086363e-01, 0.000000000000000e+00, 0.000000000000000e+00, 8.576222818457393e+04, 0.000000000000000e+00, 3.430489127382957e+04, 3.182624683765464e+02, 0.000000000000000e+00, -2.838681978138985e-01, 0.000000000000000e+00, 0.000000000000000e+00, 1.931079453433116e-05, 2.134998264362053e-03, -2.035068630926745e-04, -1.752171990384215e+02, 2.039488957291270e+00, 0.000000000000000e+00
4809, 9.327191114425660e-01, 7.693554413583015e-03, 3.811218771895680e-01, 0.000000000000000e+00, 0.000000000000000e+00, 8.708386153932670e+04, 0.000000000000000e+00, 3.483354461573067e+04, 3.183934584408622e+02, 0.000000000000000e+00, -2.503280892552757e-01, 0.000000000000000e+00, 0.000000000000000e+00, 1.931681482487915e-05, 1.930690887038216e-03, -2.043919840724267e-04, -1.232020932725830e+02, 1.955877882801349e+00, 0.000000000000000e+00
4835, 9.435870051383970e-01, 6.505694917005478e-03, 3.872786540124611e-01, 0.000000000000000e+00, 0.000000000000000e+00, 8.853330752667299e+04, 0.000000000000000e+00, 3.541332301066918e+04, 3.185469606972420e+02, 0.000000000000000e+00, -2.135443809820012e-01, 0.000000000000000e+00, 0.000000000000000e+00, 1.932386821383347e-05, 1.758644324793507e-03, -1.859242469425274e-04, -9.169177483155282e+01, 1.880342102077045e+00, 0.000000000000000e+00
4861, 9.540644884109500e-01, 5.436916682689303e-03, 3.915787134287764e-01, 0.000000000000000e+00, 0.000000000000000e+00, 8.955064123067389e+04, 0.000000000000000e+00, 3.582025649226955e+04, 3.186691056256565e+02, 0.000000000000000e+00, -1.877267192607447e-01, 0.000000000000000e+00, 0.000000000000000e+00, 1.932947953978140e-05, 1.713100364483739e-03, -1.592951231173628e-04, -9.544195710694953e+01, 1.860059114561316e+00, 0.000000000000000e+00
4887, 9.641631841659550e-01, 4.592389053885453e-03, 3.921437560857248e-01, 0.000000000000000e+00, 0.000000000000000e+00, 8.969398727869970e+04, 0.000000000000000e+00, 3.587759491147987e+04, 3.187193000448058e+02, 0.000000000000000e+00, -1.840889160871597e-01, 0.000000000000000e+00, 0.000000000000000e+00, 1.933178515776718e-05, 1.801846009252311e-03, -1.391634448897717e-04, -1.313244156361342e+02, 1.905514687499189e+00, 0.000000000000000e+00
4913, 9.738758206367490e-01, 3.906811875596511e-03, 3.885529349099781e-01, 0.000000000000000e+00, 0.000000000000000e+00, 8.887381312177332e+04, 0.000000000000000e+00, 3.554952524870932e+04, 3.187234052885203e+02, 0.000000000000000e+00, -2.049031079818809e-01, 0.000000000000000e+00, 0.000000000000000e+00, 1.933197371906027e-05, 1.891329072165022e-03, -1.516815344046528e-04, -1.688288497047819e+02, 1.941135682170552e+00, 0.000000000000000e+00
4939, 9.830872416496280e-01, 3.074710232928322e-03, 3.856619343145541e-01, 0.000000000000000e+00, 0.000000000000000e+00, 8.823190496486682e+04, 0.000000000000000e+00, 3.529276198594672e+04, 3.187933235255168e+02, 0.000000000000000e+00, -2.211933061596782e-01, 0.000000000000000e+00, 0.000000000000000e+00, 1.933518500594948e-05, 1.755077576780129e-03, -2.029889937962555e-04, -1.660241454966402e+02, 1.871499537960507e+00, 0.000000000000000e+00
4965, 9.918504953384401e-01, 1.827894578843661e-03, 3.888350252831860e-01, 0.000000000000000e+00, 0.000000000000000e+00, 8.897951079805855e+04, 0.000000000000000e+00, 3.559180431922341e+04, 3.188709621230139e+02, 0.000000000000000e+00, -2.022207365630208e-01, 0.000000000000000e+00, 0.000000000000000e+00, 1.933875047407346e-05, 1.415064983536190e-03, -2.430327243914560e-04, -1.420356196138569e+02, 1.707950773904186e+00, 0.000000000000000e+00
4991, 1.000000000000000e+00, 1.699999993434180e-04, 3.994133935757882e-01, 0.000000000000000e+00, 0.000000000000000e+00, 9.140393003867925e+04, 0.000000000000000e+00, 3.656157201547169e+04, 3.188838918909015e+02, 0.000000000000000e+00, -1.406943803844238e-01, 0.000000000000000e+00, 0.000000000000000e+00, 1.933934421784428e-05, 9.111624278036567e-04, -4.911383441495242e-05, -1.630972260951679e+02, 1.392870961079256e+00, 0.000000000000000e+00
